,Property_Code,Unit_Code,City,State,Rent,SQFT,Rent_Ready,Bedrooms,Bathrooms
0,ce,C0007A,Fairfield,OH,770,675,1,1,1.0
1,ce,C0007B,Fairfield,OH,770,675,1,1,1.0
2,ce,C0007C,Fairfield,OH,780,675,1,1,1.0
3,ce,C0007D,Fairfield,OH,780,675,1,1,1.0
4,ce,C0007E,Fairfield,OH,770,675,1,1,1.0
5,ce,C0007F,Fairfield,OH,685,675,1,1,1.0
6,ce,C0007G,Fairfield,OH,780,675,1,1,1.0
7,ce,C0007H,Fairfield,OH,780,675,1,1,1.0
8,ce,C0007J,Fairfield,OH,790,675,0,1,1.0
9,ce,C0007K,Fairfield,OH,720,675,1,1,1.0
10,ce,C0007L,Fairfield,OH,790,675,1,1,1.0
11,ce,C0007M,Fairfield,OH,790,675,1,1,1.0
12,ce,C5269A,Fairfield,OH,675,675,1,1,1.0
13,ce,C5269B,Fairfield,OH,675,675,1,1,1.0
14,ce,C5269C,Fairfield,OH,675,675,1,1,1.0
15,ce,C5269D,Fairfield,OH,675,675,1,1,1.0
16,ce,C5269E,Fairfield,OH,685,675,1,1,1.0
17,ce,C5269F,Fairfield,OH,685,675,1,1,1.0
18,ce,C5269G,Fairfield,OH,685,675,0,1,1.0
19,ce,C5269H,Fairfield,OH,780,675,1,1,1.0
20,ce,C5269J,Fairfield,OH,695,675,1,1,1.0
21,ce,C5269K,Fairfield,OH,695,675,1,1,1.0
22,ce,C5269L,Fairfield,OH,695,675,1,1,1.0
23,ce,C5269M,Fairfield,OH,695,675,1,1,1.0
24,ce,C5271A,Fairfield,OH,675,675,1,1,1.0
25,ce,C5271B,Fairfield,OH,675,675,1,1,1.0
26,ce,C5271C,Fairfield,OH,675,675,0,1,1.0
27,ce,C5271D,Fairfield,OH,770,675,1,1,1.0
28,ce,C5271E,Fairfield,OH,685,675,1,1,1.0
29,ce,C5271F,Fairfield,OH,685,675,1,1,1.0
30,ce,C5271G,Fairfield,OH,685,675,1,1,1.0
31,ce,C5271H,Fairfield,OH,685,675,1,1,1.0
32,ce,C5271J,Fairfield,OH,800,675,1,1,1.0
33,ce,C5271K,Fairfield,OH,705,675,1,1,1.0
34,ce,C5271L,Fairfield,OH,705,675,1,1,1.0
35,ce,C5271M,Fairfield,OH,800,675,1,1,1.0
36,ce,C5273A,Fairfield,OH,675,675,1,1,1.0
37,ce,C5273B,Fairfield,OH,675,675,1,1,1.0
38,ce,C5273C,Fairfield,OH,675,675,1,1,1.0
39,ce,C5273D,Fairfield,OH,770,675,1,1,1.0
40,ce,C5273E,Fairfield,OH,685,675,0,1,1.0
41,ce,C5273F,Fairfield,OH,685,675,1,1,1.0
42,ce,C5273G,Fairfield,OH,685,675,1,1,1.0
43,ce,C5273H,Fairfield,OH,685,675,0,1,1.0
44,ce,C5273J,Fairfield,OH,800,675,1,1,1.0
45,ce,C5273K,Fairfield,OH,705,675,1,1,1.0
46,ce,C5273L,Fairfield,OH,705,675,1,1,1.0
47,ce,C5273M,Fairfield,OH,705,675,1,1,1.0
48,ce,C5303A,Fairfield,OH,665,675,0,1,1.0
49,ce,C5303B,Fairfield,OH,665,675,1,1,1.0
50,ce,C5303C,Fairfield,OH,770,675,1,1,1.0
51,ce,C5303D,Fairfield,OH,665,675,1,1,1.0
52,ce,C5303E,Fairfield,OH,780,675,1,1,1.0
53,ce,C5303F,Fairfield,OH,780,675,1,1,1.0
54,ce,C5303G,Fairfield,OH,675,675,1,1,1.0
55,ce,C5303H,Fairfield,OH,675,675,1,1,1.0
56,ce,C5303J,Fairfield,OH,685,675,1,1,1.0
57,ce,C5303K,Fairfield,OH,685,675,1,1,1.0
58,ce,C5303L,Fairfield,OH,790,675,1,1,1.0
59,ce,C5303M,Fairfield,OH,685,675,1,1,1.0
60,ce,C5305A,Fairfield,OH,770,675,0,1,1.0
61,ce,C5305B,Fairfield,OH,770,675,1,1,1.0
62,ce,C5305C,Fairfield,OH,770,675,1,1,1.0
63,ce,C5305D,Fairfield,OH,770,675,1,1,1.0
64,ce,C5305E,Fairfield,OH,675,675,1,1,1.0
65,ce,C5305F,Fairfield,OH,675,675,0,1,1.0
66,ce,C5305G,Fairfield,OH,675,675,1,1,1.0
67,ce,C5305H,Fairfield,OH,675,675,1,1,1.0
68,ce,C5305J,Fairfield,OH,685,675,1,1,1.0
69,ce,C5305K,Fairfield,OH,685,675,1,1,1.0
70,ce,C5305L,Fairfield,OH,685,675,1,1,1.0
71,ce,C5305M,Fairfield,OH,780,675,1,1,1.0
72,ce,C5307A,Fairfield,OH,665,675,1,1,1.0
73,ce,C5307B,Fairfield,OH,770,675,1,1,1.0
74,ce,C5307C,Fairfield,OH,770,675,1,1,1.0
75,ce,C5307D,Fairfield,OH,770,675,1,1,1.0
76,ce,C5307E,Fairfield,OH,770,675,1,1,1.0
77,ce,C5307F,Fairfield,OH,675,675,0,1,1.0
78,ce,C5307G,Fairfield,OH,675,675,1,1,1.0
79,ce,C5307H,Fairfield,OH,675,675,1,1,1.0
80,ce,C5307J,Fairfield,OH,685,675,0,1,1.0
81,ce,C5307K,Fairfield,OH,790,675,1,1,1.0
82,ce,C5307L,Fairfield,OH,685,675,1,1,1.0
83,ce,C5307M,Fairfield,OH,790,675,1,1,1.0
84,ce,C5322A,Fairfield,OH,675,675,1,1,1.0
85,ce,C5322B,Fairfield,OH,675,675,1,1,1.0
86,ce,C5322C,Fairfield,OH,780,675,0,1,1.0
87,ce,C5322D,Fairfield,OH,780,675,0,1,1.0
88,ce,C5322E,Fairfield,OH,685,675,1,1,1.0
89,ce,C5322F,Fairfield,OH,685,675,1,1,1.0
90,ce,C5322G,Fairfield,OH,685,675,0,1,1.0
91,ce,C5322H,Fairfield,OH,685,675,1,1,1.0
92,ce,C5322J,Fairfield,OH,695,675,0,1,1.0
93,ce,C5322K,Fairfield,OH,695,675,1,1,1.0
94,ce,C5322L,Fairfield,OH,705,675,1,1,1.0
95,ce,C5322M,Fairfield,OH,800,675,1,1,1.0
96,ce,C5324A,Fairfield,OH,675,675,0,1,1.0
97,ce,C5324B,Fairfield,OH,675,675,0,1,1.0
98,ce,C5324C,Fairfield,OH,685,675,1,1,1.0
99,ce,C5324D,Fairfield,OH,780,675,0,1,1.0
100,ce,C5324E,Fairfield,OH,780,675,0,1,1.0
101,ce,C5324F,Fairfield,OH,685,675,0,1,1.0
102,ce,C5324G,Fairfield,OH,685,675,1,1,1.0
103,ce,C5324H,Fairfield,OH,685,675,0,1,1.0
104,ce,C5324J,Fairfield,OH,790,675,1,1,1.0
105,ce,C5324K,Fairfield,OH,695,675,1,1,1.0
106,ce,C5324L,Fairfield,OH,705,675,0,1,1.0
107,ce,C5324M,Fairfield,OH,705,675,1,1,1.0
108,ce,C5326A,Fairfield,OH,675,675,1,1,1.0
109,ce,C5326B,Fairfield,OH,770,675,1,1,1.0
110,ce,C5326C,Fairfield,OH,780,675,1,1,1.0
111,ce,C5326D,Fairfield,OH,780,675,1,1,1.0
112,ce,C5326E,Fairfield,OH,685,675,1,1,1.0
113,ce,C5326F,Fairfield,OH,780,675,1,1,1.0
114,ce,C5326G,Fairfield,OH,685,675,0,1,1.0
115,ce,C5326H,Fairfield,OH,685,675,1,1,1.0
116,ce,C5326J,Fairfield,OH,695,675,1,1,1.0
117,ce,C5326K,Fairfield,OH,695,675,0,1,1.0
118,ce,C5326L,Fairfield,OH,705,675,0,1,1.0
119,ce,C5326M,Fairfield,OH,705,675,0,1,1.0
120,ce,S1450A,Fairfield,OH,675,675,0,1,1.0
121,ce,S1450B,Fairfield,OH,675,675,0,1,1.0
122,ce,S1450C,Fairfield,OH,675,675,0,1,1.0
123,ce,S1450D,Fairfield,OH,675,675,0,1,1.0
124,ce,S1450E,Fairfield,OH,685,675,0,1,1.0
125,ce,S1450F,Fairfield,OH,685,675,0,1,1.0
126,ce,S1450G,Fairfield,OH,685,675,0,1,1.0
127,ce,S1450H,Fairfield,OH,685,675,0,1,1.0
128,ce,S1450J,Fairfield,OH,695,675,0,1,1.0
129,ce,S1450K,Fairfield,OH,695,675,0,1,1.0
130,ce,S1450L,Fairfield,OH,695,675,0,1,1.0
131,ce,S1450M,Fairfield,OH,695,675,0,1,1.0
132,ce,S1452A,Fairfield,OH,675,675,0,1,1.0
133,ce,S1452B,Fairfield,OH,675,675,0,1,1.0
134,ce,S1452C,Fairfield,OH,675,675,0,1,1.0
135,ce,S1452D,Fairfield,OH,675,675,0,1,1.0
136,ce,S1452E,Fairfield,OH,685,675,0,1,1.0
137,ce,S1452F,Fairfield,OH,685,675,0,1,1.0
138,ce,S1452G,Fairfield,OH,685,675,0,1,1.0
139,ce,S1452H,Fairfield,OH,685,675,0,1,1.0
140,ce,S1452J,Fairfield,OH,790,675,0,1,1.0
141,ce,S1452K,Fairfield,OH,695,675,0,1,1.0
142,ce,S1452L,Fairfield,OH,695,675,0,1,1.0
143,ce,S1452M,Fairfield,OH,695,675,0,1,1.0
144,ce,S1454A,Fairfield,OH,675,675,1,1,1.0
145,ce,S1454B,Fairfield,OH,770,675,1,1,1.0
146,ce,S1454C,Fairfield,OH,675,675,1,1,1.0
147,ce,S1454D,Fairfield,OH,675,675,0,1,1.0
148,ce,S1454E,Fairfield,OH,780,675,1,1,1.0
149,ce,S1454F,Fairfield,OH,685,675,1,1,1.0
150,ce,S1454G,Fairfield,OH,685,675,0,1,1.0
151,ce,S1454H,Fairfield,OH,780,675,0,1,1.0
152,ce,S1454J,Fairfield,OH,800,675,1,1,1.0
153,ce,S1454K,Fairfield,OH,695,675,1,1,1.0
154,ce,S1454L,Fairfield,OH,705,675,1,1,1.0
155,ce,S1454M,Fairfield,OH,695,675,1,1,1.0
156,ce,S1456A,Fairfield,OH,675,675,0,1,1.0
157,ce,S1456B,Fairfield,OH,770,675,1,1,1.0
158,ce,S1456C,Fairfield,OH,675,675,0,1,1.0
159,ce,S1456D,Fairfield,OH,770,675,1,1,1.0
160,ce,S1456E,Fairfield,OH,685,675,1,1,1.0
161,ce,S1456F,Fairfield,OH,685,675,1,1,1.0
162,ce,S1456G,Fairfield,OH,685,675,1,1,1.0
163,ce,S1456H,Fairfield,OH,685,675,1,1,1.0
164,ce,S1456J,Fairfield,OH,705,675,1,1,1.0
165,ce,S1456K,Fairfield,OH,705,675,1,1,1.0
166,ce,S1456L,Fairfield,OH,705,675,1,1,1.0
167,ce,S1456M,Fairfield,OH,705,675,0,1,1.0
168,ce,S1458A,Fairfield,OH,675,675,1,1,1.0
169,ce,S1458B,Fairfield,OH,675,675,0,1,1.0
170,ce,S1458C,Fairfield,OH,675,675,1,1,1.0
171,ce,S1458D,Fairfield,OH,675,675,0,1,1.0
172,ce,S1458E,Fairfield,OH,685,675,1,1,1.0
173,ce,S1458F,Fairfield,OH,685,675,0,1,1.0
174,ce,S1458G,Fairfield,OH,685,675,1,1,1.0
175,ce,S1458H,Fairfield,OH,685,675,1,1,1.0
176,ce,S1458J,Fairfield,OH,705,675,0,1,1.0
177,ce,S1458K,Fairfield,OH,695,675,0,1,1.0
178,ce,S1458L,Fairfield,OH,705,675,0,1,1.0
179,ce,S1458M,Fairfield,OH,695,675,1,1,1.0
180,ce,M0002A,Fairfield,OH,760,635,1,1,1.0
181,ce,M0002B,Fairfield,OH,760,635,0,1,1.0
182,ce,M0002C,Fairfield,OH,660,635,1,1,1.0
183,ce,M0002D,Fairfield,OH,670,635,1,1,1.0
184,ce,M0002E,Fairfield,OH,780,635,0,1,1.0
185,ce,M0002F,Fairfield,OH,680,635,1,1,1.0
186,ce,M0005A,Fairfield,OH,650,635,1,1,1.0
187,ce,M0005B,Fairfield,OH,760,635,0,1,1.0
188,ce,M0005C,Fairfield,OH,780,635,0,1,1.0
189,ce,M0005D,Fairfield,OH,770,635,0,1,1.0
190,ce,M0005E,Fairfield,OH,790,635,1,1,1.0
191,ce,M0005F,Fairfield,OH,670,635,1,1,1.0
192,ce,M0007A,Fairfield,OH,760,635,1,1,1.0
193,ce,M0007B,Fairfield,OH,650,635,1,1,1.0
194,ce,M0007C,Fairfield,OH,770,635,1,1,1.0
195,ce,M0007D,Fairfield,OH,670,635,1,1,1.0
196,ce,M0007E,Fairfield,OH,780,635,0,1,1.0
197,ce,M0007F,Fairfield,OH,780,635,1,1,1.0
198,ce,M0009A,Fairfield,OH,650,635,0,1,1.0
199,ce,M0009B,Fairfield,OH,650,635,1,1,1.0
200,ce,M0009C,Fairfield,OH,770,635,1,1,1.0
201,ce,M0009D,Fairfield,OH,670,635,0,1,1.0
202,ce,M0009E,Fairfield,OH,670,635,1,1,1.0
203,ce,M0009F,Fairfield,OH,680,635,1,1,1.0
204,ce,M0011A,Fairfield,OH,760,635,1,1,1.0
205,ce,M0011B,Fairfield,OH,760,635,0,1,1.0
206,ce,M0011C,Fairfield,OH,670,635,1,1,1.0
207,ce,M0011D,Fairfield,OH,660,635,0,1,1.0
208,ce,M0011E,Fairfield,OH,680,635,1,1,1.0
209,ce,M0011F,Fairfield,OH,670,635,0,1,1.0
210,ce,M0013A,Fairfield,OH,760,635,0,1,1.0
211,ce,M0013B,Fairfield,OH,760,635,1,1,1.0
212,ce,M0013C,Fairfield,OH,770,635,1,1,1.0
213,ce,M0013D,Fairfield,OH,660,635,1,1,1.0
214,ce,M0013E,Fairfield,OH,780,635,0,1,1.0
215,ce,M0013F,Fairfield,OH,670,635,0,1,1.0
216,ce,C5252A,Fairfield,OH,879,905,1,1,1.0
217,ce,C5252B,Fairfield,OH,749,905,0,1,1.0
218,ce,C5252C,Fairfield,OH,889,905,1,1,1.0
219,ce,C5252D,Fairfield,OH,889,905,1,1,1.0
220,ce,C5252E,Fairfield,OH,759,905,1,1,1.0
221,ce,C5252F,Fairfield,OH,889,905,1,1,1.0
222,ce,C5252G,Fairfield,OH,889,905,0,1,1.0
223,ce,C5252H,Fairfield,OH,889,905,1,1,1.0
224,ce,C5252J,Fairfield,OH,769,905,1,1,1.0
225,ce,C5252K,Fairfield,OH,899,905,1,1,1.0
226,ce,C5252L,Fairfield,OH,899,905,0,1,1.0
227,ce,C5252M,Fairfield,OH,909,905,0,1,1.0
228,ce,C5250B,Fairfield,OH,775,905,0,1,2.0
229,ce,C5250D,Fairfield,OH,785,905,0,1,2.0
230,ce,C5250F,Fairfield,OH,785,905,1,1,2.0
231,ce,C5250H,Fairfield,OH,785,905,1,1,2.0
232,ce,C5250K,Fairfield,OH,919,905,1,1,2.0
233,ce,C5250M,Fairfield,OH,805,905,1,1,2.0
234,ce,C5254A,Fairfield,OH,899,905,1,1,2.0
235,ce,C5254C,Fairfield,OH,899,905,1,1,2.0
236,ce,C5254E,Fairfield,OH,785,905,1,1,2.0
237,ce,C5254G,Fairfield,OH,909,905,1,1,2.0
238,ce,C5254J,Fairfield,OH,795,905,1,1,2.0
239,ce,C5254L,Fairfield,OH,919,905,1,1,2.0
240,ce,C0003A,Fairfield,OH,849,905,0,2,1.0
241,ce,C0003B,Fairfield,OH,799,905,0,2,1.0
242,ce,C0003C,Fairfield,OH,809,905,1,2,1.0
243,ce,C0003D,Fairfield,OH,859,905,1,2,1.0
244,ce,C0003E,Fairfield,OH,809,905,1,2,1.0
245,ce,C0003F,Fairfield,OH,859,905,1,2,1.0
246,ce,C0003G,Fairfield,OH,809,905,0,2,1.0
247,ce,C0003H,Fairfield,OH,809,905,1,2,1.0
248,ce,C0003J,Fairfield,OH,869,905,1,2,1.0
249,ce,C0003K,Fairfield,OH,819,905,1,2,1.0
250,ce,C0003L,Fairfield,OH,869,905,1,2,1.0
251,ce,C0003M,Fairfield,OH,869,905,0,2,1.0
252,ce,C0011A,Fairfield,OH,849,905,1,2,1.0
253,ce,C0011B,Fairfield,OH,849,905,1,2,1.0
254,ce,C0011C,Fairfield,OH,799,905,0,2,1.0
255,ce,C0011D,Fairfield,OH,799,905,1,2,1.0
256,ce,C0011E,Fairfield,OH,859,905,1,2,1.0
257,ce,C0011F,Fairfield,OH,859,905,1,2,1.0
258,ce,C0011G,Fairfield,OH,859,905,1,2,1.0
259,ce,C0011H,Fairfield,OH,859,905,1,2,1.0
260,ce,C0011J,Fairfield,OH,819,905,0,2,1.0
261,ce,C0011K,Fairfield,OH,819,905,0,2,1.0
262,ce,C0011L,Fairfield,OH,819,905,0,2,1.0
263,ce,C0011M,Fairfield,OH,869,905,1,2,1.0
264,ce,S1500-1A,Fairfield,OH,820,955,1,2,1.0
265,ce,S1500-1C,Fairfield,OH,810,955,1,2,1.0
266,ce,S1500-1E,Fairfield,OH,820,955,1,2,1.0
267,ce,S1500-1G,Fairfield,OH,810,955,1,2,1.0
268,ce,S1500-1J,Fairfield,OH,830,955,1,2,1.0
269,ce,S1500-1L,Fairfield,OH,820,955,1,2,1.0
270,ce,S1500-2A,Fairfield,OH,810,955,1,2,1.0
271,ce,S1500-2C,Fairfield,OH,810,955,1,2,1.0
272,ce,S1500-2E,Fairfield,OH,810,955,1,2,1.0
273,ce,S1500-2G,Fairfield,OH,810,955,1,2,1.0
274,ce,S1500-2J,Fairfield,OH,830,955,1,2,1.0
275,ce,S1500-2L,Fairfield,OH,820,955,1,2,1.0
276,ce,S1500-3A,Fairfield,OH,820,955,1,2,1.0
277,ce,S1500-3C,Fairfield,OH,810,955,1,2,1.0
278,ce,S1500-3E,Fairfield,OH,820,955,1,2,1.0
279,ce,S1500-3G,Fairfield,OH,810,955,1,2,1.0
280,ce,S1500-3J,Fairfield,OH,830,955,1,2,1.0
281,ce,S1500-3L,Fairfield,OH,820,955,1,2,1.0
282,ce,S1500-4A,Fairfield,OH,970,955,1,2,1.0
283,ce,S1500-4B,Fairfield,OH,970,955,1,2,1.0
284,ce,S1500-4E,Fairfield,OH,820,955,0,2,1.0
285,ce,S1500-4G,Fairfield,OH,810,955,1,2,1.0
286,ce,S1500-4J,Fairfield,OH,830,955,1,2,1.0
287,ce,S1500-4L,Fairfield,OH,820,955,1,2,1.0
288,ce,S1500-5A,Fairfield,OH,810,955,1,2,1.0
289,ce,S1500-5B,Fairfield,OH,810,955,1,2,1.0
290,ce,S1500-5E,Fairfield,OH,810,955,1,2,1.0
291,ce,S1500-5G,Fairfield,OH,810,955,1,2,1.0
292,ce,S1500-5J,Fairfield,OH,820,955,1,2,1.0
293,ce,S1500-5L,Fairfield,OH,820,955,1,2,1.0
294,ce,S1500-6A,Fairfield,OH,820,955,1,2,1.0
295,ce,S1500-6B,Fairfield,OH,820,955,0,2,1.0
296,ce,S1500-6E,Fairfield,OH,820,955,1,2,1.0
297,ce,S1500-6G,Fairfield,OH,810,955,0,2,1.0
298,ce,S1500-6J,Fairfield,OH,830,955,1,2,1.0
299,ce,S1500-6L,Fairfield,OH,990,955,1,2,1.0
300,ce,S1500-4C,Fairfield,OH,990,955,1,2,1.5
301,ce,S1500-4D,Fairfield,OH,990,955,1,2,1.5
302,ce,S1500-4F,Fairfield,OH,850,955,1,2,1.5
303,ce,S1500-4H,Fairfield,OH,840,955,1,2,1.5
304,ce,S1500-4K,Fairfield,OH,860,955,1,2,1.5
305,ce,S1500-4M,Fairfield,OH,850,955,1,2,1.5
306,ce,S1500-5C,Fairfield,OH,840,955,1,2,1.5
307,ce,S1500-5D,Fairfield,OH,840,955,1,2,1.5
308,ce,S1500-5F,Fairfield,OH,840,955,1,2,1.5
309,ce,S1500-5H,Fairfield,OH,840,955,1,2,1.5
310,ce,S1500-5K,Fairfield,OH,850,955,0,2,1.5
311,ce,S1500-5M,Fairfield,OH,850,955,1,2,1.5
312,ce,S1500-6C,Fairfield,OH,840,955,1,2,1.5
313,ce,S1500-6D,Fairfield,OH,840,955,0,2,1.5
314,ce,S1500-6F,Fairfield,OH,850,955,1,2,1.5
315,ce,S1500-6H,Fairfield,OH,840,955,0,2,1.5
316,ce,S1500-6K,Fairfield,OH,860,955,1,2,1.5
317,ce,S1500-6M,Fairfield,OH,850,955,0,2,1.5
318,ce,M0001A,Fairfield,OH,899,875,1,2,1.5
319,ce,M0001B,Fairfield,OH,770,875,0,2,1.5
320,ce,M0001C,Fairfield,OH,790,875,1,2,1.5
321,ce,M0001D,Fairfield,OH,855,875,1,2,1.5
322,ce,M0001E,Fairfield,OH,919,875,1,2,1.5
323,ce,M0001F,Fairfield,OH,790,875,1,2,1.5
324,ce,M0003A,Fairfield,OH,899,875,1,2,1.5
325,ce,M0003B,Fairfield,OH,899,875,1,2,1.5
326,ce,M0003C,Fairfield,OH,909,875,1,2,1.5
327,ce,M0003D,Fairfield,OH,790,875,1,2,1.5
328,ce,M0003E,Fairfield,OH,919,875,1,2,1.5
329,ce,M0003F,Fairfield,OH,800,875,1,2,1.5
330,ce,M0004A,Fairfield,OH,770,875,1,2,1.5
331,ce,M0004B,Fairfield,OH,899,875,0,2,1.5
332,ce,M0004C,Fairfield,OH,790,875,0,2,1.5
333,ce,M0004D,Fairfield,OH,780,875,1,2,1.5
334,ce,M0004E,Fairfield,OH,929,875,1,2,1.5
335,ce,M0004F,Fairfield,OH,919,875,1,2,1.5
336,ce,M0006A,Fairfield,OH,899,875,1,2,1.5
337,ce,M0006B,Fairfield,OH,770,875,1,2,1.5
338,ce,M0006C,Fairfield,OH,780,875,1,2,1.5
339,ce,M0006D,Fairfield,OH,994,875,0,2,1.5
340,ce,M0006E,Fairfield,OH,919,875,0,2,1.5
341,ce,M0006F,Fairfield,OH,929,875,1,2,1.5
342,ce,M0008A,Fairfield,OH,770,875,0,2,1.5
343,ce,M0008B,Fairfield,OH,770,875,1,2,1.5
344,ce,M0008C,Fairfield,OH,855,875,1,2,1.5
345,ce,M0008D,Fairfield,OH,984,875,1,2,1.5
346,ce,M0008E,Fairfield,OH,919,875,1,2,1.5
347,ce,M0008F,Fairfield,OH,790,875,1,2,1.5
348,ce,M0010A,Fairfield,OH,770,875,1,2,1.5
349,ce,M0010B,Fairfield,OH,770,875,1,2,1.5
350,ce,M0010C,Fairfield,OH,790,875,0,2,1.5
351,ce,M0010D,Fairfield,OH,909,875,1,2,1.5
352,ce,M0010E,Fairfield,OH,929,875,1,2,1.5
353,ce,M0010F,Fairfield,OH,790,875,1,2,1.5
354,ce,M0012A,Fairfield,OH,770,875,1,2,1.5
355,ce,M0012B,Fairfield,OH,899,875,1,2,1.5
356,ce,M0012C,Fairfield,OH,780,875,0,2,1.5
357,ce,M0012D,Fairfield,OH,919,875,1,2,1.5
358,ce,M0012E,Fairfield,OH,919,875,1,2,1.5
359,ce,M0012F,Fairfield,OH,800,875,1,2,1.5
360,ce,M0014A,Fairfield,OH,899,875,1,2,1.5
361,ce,M0014B,Fairfield,OH,770,875,0,2,1.5
362,ce,M0014C,Fairfield,OH,790,875,0,2,1.5
363,ce,M0014D,Fairfield,OH,780,875,1,2,1.5
364,ce,M0014E,Fairfield,OH,800,875,0,2,1.5
365,ce,M0014F,Fairfield,OH,919,875,0,2,1.5
366,ce,M0015A,Fairfield,OH,899,875,1,2,1.5
367,ce,M0015B,Fairfield,OH,770,875,0,2,1.5
368,ce,M0015C,Fairfield,OH,909,875,1,2,1.5
369,ce,M0015D,Fairfield,OH,790,875,0,2,1.5
370,ce,M0015E,Fairfield,OH,919,875,0,2,1.5
371,ce,M0015F,Fairfield,OH,929,875,1,2,1.5
372,ce,M0016A,Fairfield,OH,899,875,1,2,1.5
373,ce,M0016B,Fairfield,OH,770,875,1,2,1.5
374,ce,M0016C,Fairfield,OH,780,875,1,2,1.5
375,ce,M0016D,Fairfield,OH,790,875,0,2,1.5
376,ce,M0016E,Fairfield,OH,919,875,1,2,1.5
377,ce,M0016F,Fairfield,OH,800,875,1,2,1.5
378,ce,M0018A,Fairfield,OH,899,875,1,2,1.5
379,ce,M0018B,Fairfield,OH,974,875,1,2,1.5
380,ce,M0018C,Fairfield,OH,780,875,0,2,1.5
381,ce,M0018D,Fairfield,OH,909,875,0,2,1.5
382,ce,M0018E,Fairfield,OH,790,875,0,2,1.5
383,ce,M0018F,Fairfield,OH,790,875,1,2,1.5
384,ce,M0020A,Fairfield,OH,974,875,1,2,1.5
385,ce,M0020B,Fairfield,OH,899,875,1,2,1.5
386,ce,M0020C,Fairfield,OH,994,875,1,2,1.5
387,ce,M0020D,Fairfield,OH,984,875,0,2,1.5
388,ce,M0020E,Fairfield,OH,875,875,1,2,1.5
389,ce,M0020F,Fairfield,OH,790,875,1,2,1.5
390,ce,M0022A,Fairfield,OH,770,875,1,2,1.5
391,ce,M0022B,Fairfield,OH,899,875,0,2,1.5
392,ce,M0022C,Fairfield,OH,909,875,1,2,1.5
393,ce,M0022D,Fairfield,OH,919,875,1,2,1.5
394,ce,M0022E,Fairfield,OH,790,875,1,2,1.5
395,ce,M0022F,Fairfield,OH,800,875,0,2,1.5
396,ce,M0024A,Fairfield,OH,899,875,0,2,1.5
397,ce,M0024B,Fairfield,OH,899,875,1,2,1.5
398,ce,M0024C,Fairfield,OH,790,875,1,2,1.5
399,ce,M0024D,Fairfield,OH,780,875,1,2,1.5
400,ce,M0024E,Fairfield,OH,800,875,1,2,1.5
401,ce,M0024F,Fairfield,OH,790,875,1,2,1.5
402,ce,M0026A,Fairfield,OH,770,875,0,2,1.5
403,ce,M0026B,Fairfield,OH,770,875,1,2,1.5
404,ce,M0026C,Fairfield,OH,780,875,0,2,1.5
405,ce,M0026D,Fairfield,OH,790,875,1,2,1.5
406,ce,M0026E,Fairfield,OH,790,875,1,2,1.5
407,ce,M0026F,Fairfield,OH,800,875,0,2,1.5
408,ce,M0028A,Fairfield,OH,899,875,0,2,1.5
409,ce,M0028B,Fairfield,OH,845,875,1,2,1.5
410,ce,M0028C,Fairfield,OH,790,875,1,2,1.5
411,ce,M0028D,Fairfield,OH,780,875,1,2,1.5
412,ce,M0028E,Fairfield,OH,875,875,1,2,1.5
413,ce,M0028F,Fairfield,OH,790,875,1,2,1.5
414,ce,M0030A,Fairfield,OH,899,875,1,2,1.5
415,ce,M0030B,Fairfield,OH,770,875,1,2,1.5
416,ce,M0030C,Fairfield,OH,780,875,1,2,1.5
417,ce,M0030D,Fairfield,OH,790,875,1,2,1.5
418,ce,M0030E,Fairfield,OH,919,875,1,2,1.5
419,ce,M0030F,Fairfield,OH,800,875,1,2,1.5
420,ce,M0032A,Fairfield,OH,870,875,1,2,1.5
421,ce,M0032B,Fairfield,OH,770,875,0,2,1.5
422,ce,M0032C,Fairfield,OH,790,875,1,2,1.5
423,ce,M0032D,Fairfield,OH,780,875,1,2,1.5
424,ce,M0032E,Fairfield,OH,800,875,1,2,1.5
425,ce,M0032F,Fairfield,OH,790,875,0,2,1.5
426,ce,M0034A,Fairfield,OH,770,875,0,2,1.5
427,ce,M0034B,Fairfield,OH,845,875,1,2,1.5
428,ce,M0034C,Fairfield,OH,919,875,1,2,1.5
429,ce,M0034D,Fairfield,OH,780,875,0,2,1.5
430,ce,M0034E,Fairfield,OH,1004,875,1,2,1.5
431,ce,M0034F,Fairfield,OH,790,875,1,2,1.5
432,ce,M0036A,Fairfield,OH,770,875,0,2,1.5
433,ce,M0036B,Fairfield,OH,770,875,1,2,1.5
434,ce,M0036C,Fairfield,OH,780,875,0,2,1.5
435,ce,M0036D,Fairfield,OH,909,875,1,2,1.5
436,ce,M0036E,Fairfield,OH,790,875,1,2,1.5
437,ce,M0036F,Fairfield,OH,790,875,0,2,1.5
438,ce,M0038A,Fairfield,OH,770,875,0,2,1.5
439,ce,M0038B,Fairfield,OH,770,875,1,2,1.5
440,ce,M0038C,Fairfield,OH,780,875,1,2,1.5
441,ce,M0038D,Fairfield,OH,790,875,1,2,1.5
442,ce,M0038E,Fairfield,OH,790,875,1,2,1.5
443,ce,M0038F,Fairfield,OH,800,875,1,2,1.5
444,ce,C5250A,Fairfield,OH,899,955,1,2,2.0
445,ce,C5250C,Fairfield,OH,909,955,1,2,2.0
446,ce,C5250E,Fairfield,OH,790,955,1,2,2.0
447,ce,C5250G,Fairfield,OH,909,955,1,2,2.0
448,ce,C5250J,Fairfield,OH,800,955,1,2,2.0
449,ce,C5250L,Fairfield,OH,929,955,0,2,2.0
450,ce,C5254B,Fairfield,OH,919,955,1,2,2.0
451,ce,C5254D,Fairfield,OH,919,955,1,2,2.0
452,ce,C5254F,Fairfield,OH,790,955,1,2,2.0
453,ce,C5254H,Fairfield,OH,790,955,1,2,2.0
454,ce,C5254K,Fairfield,OH,919,955,1,2,2.0
455,ce,C5254M,Fairfield,OH,835,955,1,2,2.0
456,ce,S1500-1B,Fairfield,OH,840,955,0,2,2.0
457,ce,S1500-1D,Fairfield,OH,830,955,1,2,2.0
458,ce,S1500-1F,Fairfield,OH,840,955,0,2,2.0
459,ce,S1500-1H,Fairfield,OH,830,955,0,2,2.0
460,ce,S1500-1K,Fairfield,OH,850,955,1,2,2.0
461,ce,S1500-1M,Fairfield,OH,840,955,1,2,2.0
462,ce,S1500-2B,Fairfield,OH,830,955,1,2,2.0
463,ce,S1500-2D,Fairfield,OH,830,955,0,2,2.0
464,ce,S1500-2F,Fairfield,OH,830,955,1,2,2.0
465,ce,S1500-2H,Fairfield,OH,830,955,1,2,2.0
466,ce,S1500-2K,Fairfield,OH,850,955,1,2,2.0
467,ce,S1500-2M,Fairfield,OH,840,955,1,2,2.0
468,ce,S1500-3B,Fairfield,OH,840,955,0,2,2.0
469,ce,S1500-3D,Fairfield,OH,830,955,1,2,2.0
470,ce,S1500-3F,Fairfield,OH,840,955,1,2,2.0
471,ce,S1500-3H,Fairfield,OH,830,955,1,2,2.0
472,ce,S1500-3K,Fairfield,OH,850,955,1,2,2.0
473,ce,S1500-3M,Fairfield,OH,840,955,1,2,2.0
474,ce,C05270,Fairfield,OH,1099,1088,1,2,1.5
475,ce,C05272,Fairfield,OH,929,1088,0,2,1.5
476,ce,C05278,Fairfield,OH,1109,1088,1,2,1.5
477,ce,C05280,Fairfield,OH,1109,1088,1,2,1.5
478,ce,S1500-7C,Fairfield,OH,939,1088,1,2,1.5
479,ce,S1500-7D,Fairfield,OH,939,1088,1,2,1.5
480,ce,S1500-7G,Fairfield,OH,1099,1088,1,2,1.5
481,ce,S1500-7H,Fairfield,OH,929,1088,1,2,1.5
482,ce,C05266,Fairfield,OH,1209,1400,0,3,2.5
483,ce,C05268,Fairfield,OH,1209,1400,1,3,2.5
484,ce,C05274,Fairfield,OH,1109,1400,0,3,2.5
485,ce,C05276,Fairfield,OH,1219,1400,1,3,2.5
486,ce,C05282,Fairfield,OH,1219,1400,1,3,2.5
487,ce,C05284,Fairfield,OH,1299,1400,1,3,2.5
488,ce,S1500-7A,Fairfield,OH,1099,1400,1,3,2.5
489,ce,S1500-7B,Fairfield,OH,1099,1400,1,3,2.5
490,ce,S1500-7E,Fairfield,OH,1109,1400,1,3,2.5
491,ce,S1500-7F,Fairfield,OH,1109,1400,1,3,2.5
493,fh,1072B,Columbus,OH,1099,912,0,2,1.0
494,fh,1072C,Columbus,OH,1050,700,1,1,1.0
495,fh,1072D,Columbus,OH,1199,912,0,2,1.0
496,fh,1074A,Columbus,OH,1099,912,0,2,1.0
497,fh,1074B,Columbus,OH,975,700,1,1,1.0
498,fh,1074C,Columbus,OH,1199,912,1,2,1.0
499,fh,1074D,Columbus,OH,855,700,1,1,1.0
500,fh,1076A,Columbus,OH,975,700,0,1,1.0
501,fh,1076B,Columbus,OH,875,912,1,2,1.0
502,fh,1076C,Columbus,OH,1050,700,1,1,1.0
503,fh,1076D,Columbus,OH,1199,912,1,2,1.0
504,fh,1078A,Columbus,OH,875,912,1,2,1.0
505,fh,1078B,Columbus,OH,1099,912,1,2,1.0
506,fh,1078C,Columbus,OH,1199,912,0,2,1.0
507,fh,1078D,Columbus,OH,1199,912,1,2,1.0
508,fh,1080A,Columbus,OH,975,700,1,1,1.0
509,fh,1080B,Columbus,OH,1099,912,1,2,1.0
510,fh,1080C,Columbus,OH,1050,700,1,1,1.0
511,fh,1080D,Columbus,OH,1199,912,0,2,1.0
512,fh,1081A,Columbus,OH,975,700,1,1,1.0
513,fh,1081B,Columbus,OH,1099,912,1,2,1.0
514,fh,1081C,Columbus,OH,1050,700,1,1,1.0
515,fh,1081D,Columbus,OH,1199,912,1,2,1.0
516,fh,1082A,Columbus,OH,1099,912,1,2,1.0
517,fh,1082B,Columbus,OH,975,700,1,1,1.0
518,fh,1082C,Columbus,OH,1199,912,0,2,1.0
519,fh,1082D,Columbus,OH,1050,700,0,1,1.0
520,fh,1084A,Columbus,OH,975,700,0,1,1.0
521,fh,1084B,Columbus,OH,1099,912,1,2,1.0
522,fh,1084C,Columbus,OH,1050,700,1,1,1.0
523,fh,1084D,Columbus,OH,1199,912,1,2,1.0
524,fh,1086A,Columbus,OH,1099,912,1,2,1.0
525,fh,1086B,Columbus,OH,975,700,1,1,1.0
526,fh,1086C,Columbus,OH,1199,912,0,2,1.0
527,fh,1086D,Columbus,OH,1050,700,0,1,1.0
528,fh,1088A,Columbus,OH,1099,912,0,2,1.0
529,fh,1088B,Columbus,OH,975,700,1,1,1.0
530,fh,1088C,Columbus,OH,1199,912,0,2,1.0
531,fh,1088D,Columbus,OH,1050,700,1,1,1.0
532,fh,1090A,Columbus,OH,1099,912,1,2,1.0
533,fh,1090B,Columbus,OH,1099,912,1,2,1.0
534,fh,1090C,Columbus,OH,1199,912,0,2,1.0
535,fh,1090D,Columbus,OH,1199,912,0,2,1.0
536,fh,1091A,Columbus,OH,1099,912,1,2,1.0
537,fh,1091B,Columbus,OH,975,700,0,1,1.0
538,fh,1091C,Columbus,OH,1199,912,0,2,1.0
539,fh,1091D,Columbus,OH,1050,700,1,1,1.0
540,fh,1092A,Columbus,OH,1099,912,0,2,1.0
541,fh,1092B,Columbus,OH,1099,912,1,2,1.0
542,fh,1092C,Columbus,OH,1199,912,1,2,1.0
543,fh,1092D,Columbus,OH,1199,912,1,2,1.0
544,fh,1094A,Columbus,OH,975,700,1,1,1.0
545,fh,1094B,Columbus,OH,1099,912,1,2,1.0
546,fh,1094C,Columbus,OH,1050,700,1,1,1.0
547,fh,1094D,Columbus,OH,1199,912,1,2,1.0
548,fh,1096A,Columbus,OH,1099,912,1,2,1.0
549,fh,1096B,Columbus,OH,1099,912,1,2,1.0
550,fh,1096C,Columbus,OH,1199,912,1,2,1.0
551,fh,1096D,Columbus,OH,1199,912,0,2,1.0
552,fh,1098A,Columbus,OH,899,387,1,1,1.0
553,fh,1098B,Columbus,OH,899,387,1,1,1.0
554,fh,1098C,Columbus,OH,899,387,1,1,1.0
555,fh,1098D,Columbus,OH,899,387,1,1,1.0
556,fh,1098E,Columbus,OH,899,387,1,1,1.0
557,fh,1098F,Columbus,OH,899,387,0,1,1.0
558,fh,1100A,Columbus,OH,1099,912,1,2,1.0
559,fh,1100B,Columbus,OH,975,700,1,1,1.0
560,fh,1100C,Columbus,OH,1199,912,1,2,1.0
561,fh,1100D,Columbus,OH,1050,700,0,1,1.0
562,fh,1101A,Columbus,OH,835,700,1,1,1.0
563,fh,1101B,Columbus,OH,1099,912,1,2,1.0
564,fh,1101C,Columbus,OH,1050,700,0,1,1.0
565,fh,1101D,Columbus,OH,1199,912,1,2,1.0
566,fh,1102A,Columbus,OH,1099,912,0,2,1.0
567,fh,1102B,Columbus,OH,975,700,0,1,1.0
568,fh,1102C,Columbus,OH,955,912,1,2,1.0
569,fh,1102D,Columbus,OH,1050,700,1,1,1.0
570,fh,1103A,Columbus,OH,975,700,1,1,1.0
571,fh,1103B,Columbus,OH,1099,912,1,2,1.0
572,fh,1103C,Columbus,OH,1050,700,1,1,1.0
573,fh,1103D,Columbus,OH,1199,912,0,2,1.0
574,fh,1110A,Columbus,OH,975,700,1,1,1.0
575,fh,1110B,Columbus,OH,1099,912,1,2,1.0
576,fh,1110C,Columbus,OH,906,700,1,1,1.0
577,fh,1110D,Columbus,OH,1199,912,1,2,1.0
578,fh,1111A,Columbus,OH,1099,912,0,2,1.0
579,fh,1111B,Columbus,OH,975,700,0,1,1.0
580,fh,1111C,Columbus,OH,1199,912,1,2,1.0
581,fh,1111D,Columbus,OH,1050,700,1,1,1.0
582,fh,1112A,Columbus,OH,975,700,1,1,1.0
583,fh,1112B,Columbus,OH,1099,912,0,2,1.0
584,fh,1112C,Columbus,OH,1050,700,1,1,1.0
585,fh,1112D,Columbus,OH,1210,912,1,2,1.0
586,fh,1113A,Columbus,OH,1099,912,1,2,1.0
587,fh,1113B,Columbus,OH,975,700,1,1,1.0
588,fh,1113C,Columbus,OH,1199,912,0,2,1.0
589,fh,1113D,Columbus,OH,1050,700,0,1,1.0
590,fh,1120A,Columbus,OH,1000,912,1,2,1.0
591,fh,1120B,Columbus,OH,975,700,0,1,1.0
592,fh,1120C,Columbus,OH,1199,912,1,2,1.0
593,fh,1120D,Columbus,OH,1050,700,1,1,1.0
594,fh,1121A,Columbus,OH,975,700,1,1,1.0
595,fh,1121B,Columbus,OH,1099,912,0,2,1.0
596,fh,1121C,Columbus,OH,1050,700,0,1,1.0
597,fh,1121D,Columbus,OH,1199,912,1,2,1.0
598,fh,1122A,Columbus,OH,875,912,1,2,1.0
599,fh,1122B,Columbus,OH,975,700,1,1,1.0
600,fh,1122C,Columbus,OH,1199,912,1,2,1.0
601,fh,1122D,Columbus,OH,1050,700,1,1,1.0
602,fh,1123A,Columbus,OH,975,700,1,1,1.0
603,fh,1123B,Columbus,OH,1099,912,1,2,1.0
604,fh,1123C,Columbus,OH,1050,700,1,1,1.0
605,fh,1123D,Columbus,OH,1199,912,0,2,1.0
606,fh,1130A,Columbus,OH,1099,912,0,2,1.0
607,fh,1130B,Columbus,OH,875,912,0,2,1.0
608,fh,1130C,Columbus,OH,1199,912,1,2,1.0
609,fh,1130D,Columbus,OH,1199,912,1,2,1.0
610,fh,1131A,Columbus,OH,1099,912,1,2,1.0
611,fh,1131B,Columbus,OH,1099,912,1,2,1.0
612,fh,1131C,Columbus,OH,1199,912,1,2,1.0
613,fh,1131D,Columbus,OH,1199,912,0,2,1.0
614,fh,1132A,Columbus,OH,1099,912,0,2,1.0
615,fh,1132B,Columbus,OH,1099,912,0,2,1.0
616,fh,1132C,Columbus,OH,1199,912,0,2,1.0
617,fh,1132D,Columbus,OH,1199,912,1,2,1.0
618,fh,1133A,Columbus,OH,1099,912,0,2,1.0
619,fh,1133B,Columbus,OH,1099,912,1,2,1.0
620,fh,1133C,Columbus,OH,1199,912,0,2,1.0
621,fh,1133D,Columbus,OH,1199,912,0,2,1.0
622,fh,1140A,Columbus,OH,975,700,0,1,1.0
623,fh,1140B,Columbus,OH,1099,912,0,2,1.0
624,fh,1140C,Columbus,OH,1050,700,1,1,1.0
625,fh,1140D,Columbus,OH,1199,912,1,2,1.0
626,fh,1141A,Columbus,OH,1099,912,1,2,1.0
627,fh,1141B,Columbus,OH,975,700,1,1,1.0
628,fh,1141C,Columbus,OH,1199,912,0,2,1.0
629,fh,1141D,Columbus,OH,1050,700,1,1,1.0
630,fh,1142A,Columbus,OH,975,700,1,1,1.0
631,fh,1142B,Columbus,OH,1099,912,0,2,1.0
632,fh,1142C,Columbus,OH,1050,700,1,1,1.0
633,fh,1142D,Columbus,OH,1199,912,1,2,1.0
634,fh,1143A,Columbus,OH,1099,912,1,2,1.0
635,fh,1143B,Columbus,OH,975,700,1,1,1.0
636,fh,1143C,Columbus,OH,1199,912,0,2,1.0
637,fh,1143D,Columbus,OH,1050,700,0,1,1.0
638,fh,4727A,Columbus,OH,975,700,0,1,1.0
639,fh,4727B,Columbus,OH,1099,912,1,2,1.0
640,fh,4727C,Columbus,OH,1050,700,0,1,1.0
641,fh,4727D,Columbus,OH,1199,912,1,2,1.0
642,fh,4731A,Columbus,OH,1099,912,1,2,1.0
643,fh,4731B,Columbus,OH,1099,912,0,2,1.0
644,fh,4731C,Columbus,OH,1199,912,0,2,1.0
645,fh,4731D,Columbus,OH,1199,912,0,2,1.0
646,fh,4735A,Columbus,OH,1099,912,1,2,1.0
647,fh,4735B,Columbus,OH,975,700,0,1,1.0
648,fh,4735C,Columbus,OH,1199,912,1,2,1.0
649,fh,4735D,Columbus,OH,1050,700,1,1,1.0
650,fh,4739A,Columbus,OH,975,700,1,1,1.0
651,fh,4739B,Columbus,OH,1099,912,1,2,1.0
652,fh,4739C,Columbus,OH,1050,700,0,1,1.0
653,fh,4739D,Columbus,OH,1199,912,1,2,1.0
654,fh,4743A,Columbus,OH,1099,912,1,2,1.0
655,fh,4743B,Columbus,OH,975,700,1,1,1.0
656,fh,4743C,Columbus,OH,1199,912,0,2,1.0
657,fh,4743D,Columbus,OH,1050,700,1,1,1.0
658,fh,4747A,Columbus,OH,1099,912,0,2,1.0
659,fh,4747B,Columbus,OH,975,700,1,1,1.0
660,fh,4747C,Columbus,OH,1199,912,1,2,1.0
661,fh,4747D,Columbus,OH,1050,700,0,1,1.0
662,fh,4751A,Columbus,OH,975,700,1,1,1.0
663,fh,4751B,Columbus,OH,1099,912,1,2,1.0
664,fh,4751C,Columbus,OH,1050,700,1,1,1.0
665,fh,4751D,Columbus,OH,1199,912,1,2,1.0
666,fh,4755A,Columbus,OH,1099,912,0,2,1.0
667,fh,4755B,Columbus,OH,975,700,1,1,1.0
668,fh,4755C,Columbus,OH,1199,912,1,2,1.0
669,fh,4755D,Columbus,OH,1050,700,0,1,1.0
670,fh,4759A,Columbus,OH,975,700,1,1,1.0
671,fh,4759B,Columbus,OH,1099,912,1,2,1.0
672,fh,4759C,Columbus,OH,1050,700,1,1,1.0
673,fh,4759D,Columbus,OH,1199,912,1,2,1.0
674,fh,4763A,Columbus,OH,1099,912,0,2,1.0
675,fh,4763B,Columbus,OH,875,912,0,2,1.0
676,fh,4763C,Columbus,OH,1199,912,0,2,1.0
677,fh,4763D,Columbus,OH,1199,912,1,2,1.0
678,fh,4767A,Columbus,OH,975,700,1,1,1.0
679,fh,4767B,Columbus,OH,875,912,1,2,1.0
680,fh,4767C,Columbus,OH,1050,700,0,1,1.0
681,fh,4767D,Columbus,OH,1199,912,1,2,1.0
682,fh,4771A,Columbus,OH,955,912,1,2,1.0
683,fh,4771B,Columbus,OH,975,700,1,1,1.0
684,fh,4771C,Columbus,OH,1199,912,0,2,1.0
685,fh,4771D,Columbus,OH,855,700,0,1,1.0
686,fh,4775A,Columbus,OH,975,700,0,1,1.0
687,fh,4775B,Columbus,OH,1099,912,0,2,1.0
688,fh,4775C,Columbus,OH,1050,700,0,1,1.0
689,fh,4775D,Columbus,OH,1199,912,0,2,1.0
690,fh,4779A,Columbus,OH,1099,912,0,2,1.0
691,fh,4779B,Columbus,OH,975,700,0,1,1.0
692,fh,4779C,Columbus,OH,1199,912,0,2,1.0
693,fh,4779D,Columbus,OH,1050,700,1,1,1.0
694,fh,4783A,Columbus,OH,975,700,1,1,1.0
695,fh,4783B,Columbus,OH,1099,912,0,2,1.0
696,fh,4783C,Columbus,OH,1050,700,1,1,1.0
697,fh,4783D,Columbus,OH,955,912,1,2,1.0
698,fh,4784A,Columbus,OH,1099,912,0,2,1.0
699,fh,4784B,Columbus,OH,975,700,0,1,1.0
700,fh,4784C,Columbus,OH,1199,912,0,2,1.0
701,fh,4784D,Columbus,OH,1050,700,1,1,1.0
702,fh,4786A,Columbus,OH,1099,912,1,2,1.0
703,fh,4786B,Columbus,OH,1099,912,1,2,1.0
704,fh,4786C,Columbus,OH,1199,912,0,2,1.0
705,fh,4786D,Columbus,OH,1199,912,1,2,1.0
706,fh,4787A,Columbus,OH,1099,912,0,2,1.0
707,fh,4787B,Columbus,OH,975,700,1,1,1.0
708,fh,4787C,Columbus,OH,1199,912,1,2,1.0
709,fh,4787D,Columbus,OH,1050,700,0,1,1.0
710,fh,4788A,Columbus,OH,975,700,1,1,1.0
711,fh,4788B,Columbus,OH,875,912,0,2,1.0
712,fh,4788C,Columbus,OH,1050,700,1,1,1.0
713,fh,4788D,Columbus,OH,1199,912,1,2,1.0
714,fh,4790A,Columbus,OH,1099,912,1,2,1.0
715,fh,4790B,Columbus,OH,975,700,0,1,1.0
716,fh,4790C,Columbus,OH,1199,912,1,2,1.0
717,fh,4790D,Columbus,OH,855,700,1,1,1.0
718,fh,4792A,Columbus,OH,835,700,1,1,1.0
719,fh,4792B,Columbus,OH,1099,912,1,2,1.0
720,fh,4792C,Columbus,OH,1050,700,1,1,1.0
721,fh,4792D,Columbus,OH,1199,912,0,2,1.0
722,fh,4794A,Columbus,OH,1099,912,1,2,1.0
723,fh,4794B,Columbus,OH,975,700,1,1,1.0
724,fh,4794C,Columbus,OH,1199,912,0,2,1.0
725,fh,4794D,Columbus,OH,1050,700,1,1,1.0
726,fh,4796A,Columbus,OH,1099,912,0,2,1.0
727,fh,4796B,Columbus,OH,1099,912,0,2,1.0
728,fh,4796C,Columbus,OH,1199,912,0,2,1.0
729,fh,4796D,Columbus,OH,1199,912,0,2,1.0
730,fh,4798A,Columbus,OH,1099,912,0,2,1.0
731,fh,4798B,Columbus,OH,975,700,1,1,1.0
732,fh,4798C,Columbus,OH,1199,912,1,2,1.0
733,fh,4798D,Columbus,OH,1050,700,1,1,1.0
734,fh,4800A,Columbus,OH,1099,912,1,2,1.0
735,fh,4800B,Columbus,OH,1099,912,1,2,1.0
736,fh,4800C,Columbus,OH,1199,912,1,2,1.0
737,fh,4800D,Columbus,OH,1199,912,0,2,1.0
738,fh,4802A,Columbus,OH,1099,912,0,2,1.0
739,fh,4802B,Columbus,OH,1099,912,0,2,1.0
740,fh,4802C,Columbus,OH,1199,912,1,2,1.0
741,fh,4802D,Columbus,OH,1199,912,0,2,1.0
742,fh,4804A,Columbus,OH,975,700,1,1,1.0
743,fh,4804B,Columbus,OH,875,912,0,2,1.0
744,fh,4804C,Columbus,OH,1050,700,1,1,1.0
745,fh,4804D,Columbus,OH,1199,912,0,2,1.0
746,fh,1030AB,Columbus,OH,975,700,0,1,1.0
747,fh,1030BB,Columbus,OH,1099,912,0,2,1.0
748,fh,1030CB,Columbus,OH,1050,700,1,1,1.0
749,fh,1030DB,Columbus,OH,955,912,1,2,1.0
750,fh,1070AS,Columbus,OH,975,700,0,1,1.0
751,fh,1070BS,Columbus,OH,1099,912,1,2,1.0
752,fh,1070CS,Columbus,OH,1050,700,1,1,1.0
753,fh,1070DS,Columbus,OH,1199,912,1,2,1.0
754,fh,1080AS,Columbus,OH,1099,912,0,2,1.0
755,fh,1080BS,Columbus,OH,975,700,1,1,1.0
756,fh,1080CS,Columbus,OH,1199,912,1,2,1.0
757,fh,1080DS,Columbus,OH,1050,700,1,1,1.0
758,fh,1090AS,Columbus,OH,975,700,1,1,1.0
759,fh,1090BS,Columbus,OH,1099,912,0,2,1.0
760,fh,1090CS,Columbus,OH,1050,700,0,1,1.0
761,fh,1090DS,Columbus,OH,1199,912,1,2,1.0
762,fh,1102AB,Columbus,OH,1099,912,1,2,1.0
763,fh,1102BB,Columbus,OH,975,700,1,1,1.0
764,fh,1102CB,Columbus,OH,1199,912,0,2,1.0
765,fh,1102DB,Columbus,OH,1050,700,1,1,1.0
766,fh,1112AB,Columbus,OH,975,700,1,1,1.0
767,fh,1112BB,Columbus,OH,1099,912,1,2,1.0
768,fh,1112CB,Columbus,OH,1050,700,0,1,1.0
769,fh,1112DB,Columbus,OH,875,912,1,2,1.0
770,fh,1122AB,Columbus,OH,1099,912,1,2,1.0
771,fh,1122BB,Columbus,OH,975,700,1,1,1.0
772,fh,1122CB,Columbus,OH,1199,912,0,2,1.0
773,fh,1122DB,Columbus,OH,1050,700,1,1,1.0
774,fh,1132AB,Columbus,OH,1099,912,0,2,1.0
775,fh,1132BB,Columbus,OH,1099,912,0,2,1.0
776,fh,1132CB,Columbus,OH,1199,912,1,2,1.0
777,fh,1132DB,Columbus,OH,1199,912,1,2,1.0
778,fh,1142AB,Columbus,OH,975,700,1,1,1.0
779,fh,1142BB,Columbus,OH,1099,912,0,2,1.0
780,fh,1142CB,Columbus,OH,1050,700,1,1,1.0
781,fh,1142DB,Columbus,OH,1199,912,1,2,1.0
782,fh,WAIT,Columbus,OH,721,868,0,2,
784,fh,1014A,Columbus,OH,1099,912,0,2,1.0
785,fh,1014B,Columbus,OH,975,700,1,1,1.0
786,fh,1014C,Columbus,OH,1199,912,1,2,1.0
787,fh,1014D,Columbus,OH,1050,700,1,1,1.0
788,fh,1018A,Columbus,OH,1099,912,1,2,1.0
789,fh,1018B,Columbus,OH,1099,912,0,2,1.0
790,fh,1018C,Columbus,OH,1199,912,0,2,1.0
791,fh,1018D,Columbus,OH,1199,912,1,2,1.0
792,fh,1020A,Columbus,OH,1099,912,1,2,1.0
793,fh,1020B,Columbus,OH,1099,912,1,2,1.0
794,fh,1020C,Columbus,OH,1199,912,1,2,1.0
795,fh,1020D,Columbus,OH,1199,912,1,2,1.0
796,fh,1021A,Columbus,OH,1099,912,0,2,1.0
797,fh,1021B,Columbus,OH,1099,912,0,2,1.0
798,fh,1021C,Columbus,OH,1199,912,1,2,1.0
799,fh,1021D,Columbus,OH,1199,912,1,2,1.0
800,fh,1022A,Columbus,OH,975,700,1,1,1.0
801,fh,1022B,Columbus,OH,1099,912,0,2,1.0
802,fh,1022C,Columbus,OH,1050,700,0,1,1.0
803,fh,1022D,Columbus,OH,1199,912,1,2,1.0
804,fh,1025A,Columbus,OH,1135,912,0,2,1.0
805,fh,1025B,Columbus,OH,875,912,0,2,1.0
806,fh,1025C,Columbus,OH,1199,912,1,2,1.0
807,fh,1025D,Columbus,OH,1199,912,1,2,1.0
808,fh,1026A,Columbus,OH,1099,912,1,2,1.0
809,fh,1026B,Columbus,OH,975,700,0,1,1.0
810,fh,1026C,Columbus,OH,955,912,1,2,1.0
811,fh,1026D,Columbus,OH,1050,700,1,1,1.0
812,fh,1028A,Columbus,OH,975,700,1,1,1.0
813,fh,1028B,Columbus,OH,1099,912,1,2,1.0
814,fh,1028C,Columbus,OH,1050,700,1,1,1.0
815,fh,1028D,Columbus,OH,1199,912,0,2,1.0
816,fh,1030A,Columbus,OH,975,700,0,1,1.0
817,fh,1030B,Columbus,OH,1099,912,1,2,1.0
818,fh,1030C,Columbus,OH,1050,700,1,1,1.0
819,fh,1030D,Columbus,OH,1199,912,0,2,1.0
820,fh,1031A,Columbus,OH,1099,912,1,2,1.0
821,fh,1031B,Columbus,OH,975,700,1,1,1.0
822,fh,1031C,Columbus,OH,1199,912,1,2,1.0
823,fh,1031D,Columbus,OH,1050,700,0,1,1.0
824,fh,1034A,Columbus,OH,1099,912,1,2,1.0
825,fh,1034B,Columbus,OH,835,700,1,1,1.0
826,fh,1034C,Columbus,OH,1199,912,1,2,1.0
827,fh,1034D,Columbus,OH,1050,700,1,1,1.0
828,fh,1035A,Columbus,OH,1099,912,0,2,1.0
829,fh,1035B,Columbus,OH,835,700,0,1,1.0
830,fh,1035C,Columbus,OH,1199,912,1,2,1.0
831,fh,1035D,Columbus,OH,855,700,1,1,1.0
832,fh,1038A,Columbus,OH,975,700,1,1,1.0
833,fh,1038B,Columbus,OH,1099,912,0,2,1.0
834,fh,1038C,Columbus,OH,1050,700,1,1,1.0
835,fh,1038D,Columbus,OH,1199,912,1,2,1.0
836,fh,1040A,Columbus,OH,1099,912,1,2,1.0
837,fh,1040B,Columbus,OH,975,700,1,1,1.0
838,fh,1040C,Columbus,OH,1199,912,0,2,1.0
839,fh,1040D,Columbus,OH,1050,700,1,1,1.0
840,fh,1041A,Columbus,OH,975,700,0,1,1.0
841,fh,1041B,Columbus,OH,875,912,1,2,1.0
842,fh,1041C,Columbus,OH,1050,700,1,1,1.0
843,fh,1041D,Columbus,OH,1199,912,1,2,1.0
844,fh,1045A,Columbus,OH,975,700,1,1,1.0
845,fh,1045B,Columbus,OH,1099,912,1,2,1.0
846,fh,1045C,Columbus,OH,1050,700,0,1,1.0
847,fh,1045D,Columbus,OH,1199,912,0,2,1.0
848,fh,1050A,Columbus,OH,975,700,0,1,1.0
849,fh,1050B,Columbus,OH,1099,912,1,2,1.0
850,fh,1050C,Columbus,OH,1050,700,1,1,1.0
851,fh,1050D,Columbus,OH,1199,912,0,2,1.0
852,fh,1051A,Columbus,OH,1099,912,0,2,1.0
853,fh,1051B,Columbus,OH,975,700,1,1,1.0
854,fh,1051C,Columbus,OH,1199,912,1,2,1.0
855,fh,1051D,Columbus,OH,1050,700,0,1,1.0
856,fh,1055A,Columbus,OH,1099,912,0,2,1.0
857,fh,1055B,Columbus,OH,975,700,1,1,1.0
858,fh,1055C,Columbus,OH,1199,912,1,2,1.0
859,fh,1055D,Columbus,OH,1050,700,1,1,1.0
860,fh,1060A,Columbus,OH,1099,912,1,2,1.0
861,fh,1060B,Columbus,OH,975,700,1,1,1.0
862,fh,1060C,Columbus,OH,1199,912,1,2,1.0
863,fh,1060D,Columbus,OH,1050,700,0,1,1.0
864,fh,1061A,Columbus,OH,975,700,0,1,1.0
865,fh,1061B,Columbus,OH,1099,912,1,2,1.0
866,fh,1061C,Columbus,OH,1050,700,1,1,1.0
867,fh,1061D,Columbus,OH,1199,912,0,2,1.0
868,fh,1062A,Columbus,OH,1099,912,0,2,1.0
869,fh,1062B,Columbus,OH,975,700,1,1,1.0
870,fh,1062C,Columbus,OH,1199,912,0,2,1.0
871,fh,1062D,Columbus,OH,1050,700,1,1,1.0
872,fh,1064A,Columbus,OH,1099,912,1,2,1.0
873,fh,1064B,Columbus,OH,1099,912,0,2,1.0
874,fh,1064C,Columbus,OH,1199,912,1,2,1.0
875,fh,1064D,Columbus,OH,955,912,0,2,1.0
876,fh,1065A,Columbus,OH,975,700,1,1,1.0
877,fh,1065B,Columbus,OH,1099,912,1,2,1.0
878,fh,1065C,Columbus,OH,1050,700,1,1,1.0
879,fh,1065D,Columbus,OH,1199,912,1,2,1.0
880,fh,1066A,Columbus,OH,875,912,1,2,1.0
881,fh,1066B,Columbus,OH,975,700,1,1,1.0
882,fh,1066C,Columbus,OH,1199,912,0,2,1.0
883,fh,1066D,Columbus,OH,1050,700,1,1,1.0
884,fh,1068A,Columbus,OH,975,700,1,1,1.0
885,fh,1068B,Columbus,OH,1099,912,1,2,1.0
886,fh,1068C,Columbus,OH,1050,700,0,1,1.0
887,fh,1068D,Columbus,OH,1199,912,1,2,1.0
888,fh,1070A,Columbus,OH,1099,912,0,2,1.0
889,fh,1070B,Columbus,OH,975,700,1,1,1.0
890,fh,1070C,Columbus,OH,1199,912,1,2,1.0
891,fh,1070D,Columbus,OH,1050,700,0,1,1.0
892,fh,1071A,Columbus,OH,1099,912,1,2,1.0
893,fh,1071B,Columbus,OH,975,700,1,1,1.0
894,fh,1071C,Columbus,OH,1199,912,1,2,1.0
895,fh,1071D,Columbus,OH,1050,700,1,1,1.0
896,fh,1072A,Columbus,OH,975,700,1,1,1.0
897,fh,WAIT1AR1,Columbus,OH,825,387,0,1,
898,fh,WAIT1AR2,Columbus,OH,825,387,0,1,
899,fh,WAIT1BR1,Columbus,OH,850,700,0,1,
900,fh,WAIT2R-1,Columbus,OH,975,912,0,2,
901,fh,WAIT2R-2,Columbus,OH,1050,912,0,2,
902,mpg,1960-08A,Mt. Prospect,IL,1100,1040,1,2,2.0
903,mpg,1960-08B,Mt. Prospect,IL,1100,1040,0,2,2.0
904,mpg,1960-09B,Mt. Prospect,IL,1525,930,0,2,2.0
905,mpg,1960-10A,Mt. Prospect,IL,1375,895,1,2,2.0
906,mpg,1960-10B,Mt. Prospect,IL,1375,895,1,2,2.0
907,mpg,1962-06A,Mt. Prospect,IL,1100,1040,1,2,2.0
908,mpg,1962-06B,Mt. Prospect,IL,1449,1040,1,2,2.0
909,mpg,1962-07A,Mt. Prospect,IL,1425,960,0,2,2.0
910,mpg,1962-07B,Mt. Prospect,IL,1449,1040,0,2,2.0
911,mpg,1964-04A,Mt. Prospect,IL,1226,960,0,2,2.0
912,mpg,1964-04B,Mt. Prospect,IL,1449,1040,0,2,2.0
913,mpg,1964-05A,Mt. Prospect,IL,1100,1040,0,2,2.0
914,mpg,1964-05B,Mt. Prospect,IL,1449,1040,1,2,2.0
915,mpg,1966-01A,Mt. Prospect,IL,1375,895,0,2,2.0
916,mpg,1966-01B,Mt. Prospect,IL,1176,895,0,2,2.0
917,mpg,1966-02A,Mt. Prospect,IL,1176,895,0,2,2.0
918,mpg,1966-02B,Mt. Prospect,IL,1525,930,1,2,2.0
919,mpg,1966-03A,Mt. Prospect,IL,1100,1040,0,2,2.0
920,mpg,1966-03B,Mt. Prospect,IL,1100,1040,0,2,2.0
921,mpg,1968-01A,Mt. Prospect,IL,1200,1240,0,2,2.0
922,mpg,1968-01B,Mt. Prospect,IL,1200,1240,0,2,2.0
923,mpg,1968-01C,Mt. Prospect,IL,1699,1240,1,3,2.0
924,mpg,1968-02A,Mt. Prospect,IL,1649,1240,1,2,3.0
925,mpg,1968-02B,Mt. Prospect,IL,1649,1240,1,2,2.0
926,mpg,1968-02C,Mt. Prospect,IL,1649,1240,1,2,2.0
927,mpg,1968-03A,Mt. Prospect,IL,1126,835,1,1,1.0
928,mpg,1968-03B,Mt. Prospect,IL,1195,835,0,1,1.0
929,mpg,1968-03C,Mt. Prospect,IL,1195,835,1,1,1.0
930,mpg,1968-04A,Mt. Prospect,IL,1195,835,0,1,1.0
931,mpg,1968-04B,Mt. Prospect,IL,1195,835,1,1,1.0
932,mpg,1968-04C,Mt. Prospect,IL,1195,835,0,1,1.0
933,mpg,1968-05A,Mt. Prospect,IL,1126,735,1,1,1.0
934,mpg,1968-05B,Mt. Prospect,IL,1195,835,0,1,1.0
935,mpg,1968-05C,Mt. Prospect,IL,1126,835,0,1,1.0
936,mpg,1968-06A,Mt. Prospect,IL,1195,835,0,1,1.0
937,mpg,1968-06B,Mt. Prospect,IL,1195,835,1,1,1.0
938,mpg,1968-06C,Mt. Prospect,IL,1126,835,0,1,1.0
939,mpg,1968-07A,Mt. Prospect,IL,1175,735,0,1,1.0
940,mpg,1968-07B,Mt. Prospect,IL,1195,835,1,1,1.0
941,mpg,1968-07C,Mt. Prospect,IL,1195,835,1,1,1.0
942,mpg,1968-08A,Mt. Prospect,IL,1126,835,0,1,1.0
943,mpg,1968-08B,Mt. Prospect,IL,1126,835,0,1,1.0
944,mpg,1968-08C,Mt. Prospect,IL,1195,835,1,1,1.0
945,mpg,1968-09A,Mt. Prospect,IL,1126,835,1,1,1.0
946,mpg,1968-09B,Mt. Prospect,IL,1195,835,1,1,1.0
947,mpg,1968-09C,Mt. Prospect,IL,1195,835,0,1,1.0
948,mpg,1968-10A,Mt. Prospect,IL,1126,835,0,1,1.0
949,mpg,1968-10B,Mt. Prospect,IL,1126,835,0,1,1.0
950,mpg,1968-10C,Mt. Prospect,IL,1126,835,0,1,1.0
951,mpg,1968-11A,Mt. Prospect,IL,1195,835,1,1,1.0
952,mpg,1968-11B,Mt. Prospect,IL,1195,835,0,1,1.0
953,mpg,1968-11C,Mt. Prospect,IL,1126,835,0,1,1.0
954,mpg,1968-12A,Mt. Prospect,IL,1195,835,1,1,1.0
955,mpg,1968-12B,Mt. Prospect,IL,1126,835,0,1,1.0
956,mpg,1968-12C,Mt. Prospect,IL,1195,835,0,1,1.0
957,mpg,1968-13A,Mt. Prospect,IL,1195,835,0,1,1.0
958,mpg,1968-13B,Mt. Prospect,IL,1195,835,1,1,1.0
959,mpg,1968-13C,Mt. Prospect,IL,1126,835,0,1,1.0
960,mpg,1968-14A,Mt. Prospect,IL,1649,1240,0,2,2.0
961,mpg,1968-14B,Mt. Prospect,IL,1200,1240,1,2,2.0
962,mpg,1968-14C,Mt. Prospect,IL,1200,1240,0,2,2.0
963,mpg,1968-15A,Mt. Prospect,IL,1200,1240,0,2,2.0
964,mpg,1968-15B,Mt. Prospect,IL,1200,1240,0,2,2.0
965,mpg,1968-15C,Mt. Prospect,IL,1200,1240,1,2,2.0
966,mpg,1970-08A,Mt. Prospect,IL,1100,1040,0,2,2.0
967,mpg,1970-08B,Mt. Prospect,IL,1100,1040,1,2,2.0
968,mpg,1970-09B,Mt. Prospect,IL,1525,930,1,2,2.0
969,mpg,1970-10A,Mt. Prospect,IL,1176,895,0,2,2.0
970,mpg,1970-10B,Mt. Prospect,IL,1176,895,0,2,2.0
971,mpg,1972-06A,Mt. Prospect,IL,1100,1040,1,2,2.0
972,mpg,1972-06B,Mt. Prospect,IL,1449,1040,1,2,2.0
973,mpg,1972-07A,Mt. Prospect,IL,1226,960,1,2,2.0
974,mpg,1972-07B,Mt. Prospect,IL,1100,1040,0,2,2.0
975,mpg,1974-04A,Mt. Prospect,IL,1425,960,1,2,2.0
976,mpg,1974-04B,Mt. Prospect,IL,1100,1040,1,2,2.0
977,mpg,1974-05A,Mt. Prospect,IL,1100,1040,1,2,2.0
978,mpg,1974-05B,Mt. Prospect,IL,1449,1040,1,2,2.0
979,mpg,1976-01A,Mt. Prospect,IL,1176,895,0,2,2.0
980,mpg,1976-01B,Mt. Prospect,IL,1375,895,1,2,2.0
981,mpg,1976-02A,Mt. Prospect,IL,1176,895,0,2,2.0
982,mpg,1976-02B,Mt. Prospect,IL,1226,930,1,2,2.0
983,mpg,1976-03A,Mt. Prospect,IL,1100,1040,0,2,2.0
984,mpg,1976-03B,Mt. Prospect,IL,1449,1040,1,2,2.0
985,mpg,1978-08A,Mt. Prospect,IL,1100,1040,0,2,2.0
986,mpg,1978-08B,Mt. Prospect,IL,1449,1040,1,2,2.0
987,mpg,1978-09A,Mt. Prospect,IL,1375,895,1,2,2.0
988,mpg,1978-09B,Mt. Prospect,IL,1525,930,1,2,2.0
989,mpg,1978-10A,Mt. Prospect,IL,1176,895,1,2,2.0
990,mpg,1978-10B,Mt. Prospect,IL,1176,895,1,2,2.0
991,mpg,1980-06A,Mt. Prospect,IL,1100,1040,0,2,2.0
992,mpg,1980-06B,Mt. Prospect,IL,1449,1040,1,2,2.0
993,mpg,1980-07A,Mt. Prospect,IL,1226,960,0,2,2.0
994,mpg,1980-07B,Mt. Prospect,IL,1449,1040,1,2,2.0
995,mpg,1982-04A,Mt. Prospect,IL,1425,960,0,2,2.0
996,mpg,1982-04B,Mt. Prospect,IL,1449,1040,1,2,2.0
997,mpg,1982-05A,Mt. Prospect,IL,1449,1040,0,2,2.0
998,mpg,1982-05B,Mt. Prospect,IL,1449,1040,1,2,2.0
999,mpg,1984-01A,Mt. Prospect,IL,1375,895,0,2,2.0
1000,mpg,1984-01B,Mt. Prospect,IL,1375,895,0,2,2.0
1001,mpg,1984-02B,Mt. Prospect,IL,1226,930,0,2,2.0
1002,mpg,1984-03A,Mt. Prospect,IL,1100,1040,0,2,2.0
1003,mpg,1984-03B,Mt. Prospect,IL,1100,1040,0,2,2.0
1004,mpg,1986-01A,Mt. Prospect,IL,1200,1240,1,2,2.0
1005,mpg,1986-01B,Mt. Prospect,IL,1200,1240,0,2,2.0
1006,mpg,1986-01C,Mt. Prospect,IL,1699,1240,1,3,3.0
1007,mpg,1986-02A,Mt. Prospect,IL,1649,1240,0,2,2.0
1008,mpg,1986-02B,Mt. Prospect,IL,1200,1240,1,2,2.0
1009,mpg,1986-02C,Mt. Prospect,IL,1200,1240,0,2,2.0
1010,mpg,1986-03A,Mt. Prospect,IL,1195,835,1,1,1.0
1011,mpg,1986-03B,Mt. Prospect,IL,1195,835,0,1,1.0
1012,mpg,1986-03C,Mt. Prospect,IL,1195,835,1,1,1.0
1013,mpg,1986-04A,Mt. Prospect,IL,1195,835,0,1,1.0
1014,mpg,1986-04B,Mt. Prospect,IL,1126,835,1,1,1.0
1015,mpg,1986-04C,Mt. Prospect,IL,1195,835,0,1,1.0
1016,mpg,1986-05A,Mt. Prospect,IL,1175,735,0,1,1.0
1017,mpg,1986-05B,Mt. Prospect,IL,1126,835,1,1,1.0
1018,mpg,1986-05C,Mt. Prospect,IL,1126,835,0,1,1.0
1019,mpg,1986-06A,Mt. Prospect,IL,1126,835,1,1,1.0
1020,mpg,1986-06B,Mt. Prospect,IL,1195,835,0,1,1.0
1021,mpg,1986-06C,Mt. Prospect,IL,1126,835,0,1,1.0
1022,mpg,1986-07A,Mt. Prospect,IL,1126,735,1,1,1.0
1023,mpg,1986-07B,Mt. Prospect,IL,1195,835,1,1,1.0
1024,mpg,1986-07C,Mt. Prospect,IL,1195,835,1,1,1.0
1025,mpg,1986-08A,Mt. Prospect,IL,1126,835,0,1,1.0
1026,mpg,1986-08B,Mt. Prospect,IL,1195,835,0,1,1.0
1027,mpg,1986-08C,Mt. Prospect,IL,1126,835,0,1,1.0
1028,mpg,1986-09A,Mt. Prospect,IL,1195,835,1,1,1.0
1029,mpg,1986-09B,Mt. Prospect,IL,1126,835,0,1,1.0
1030,mpg,1986-09C,Mt. Prospect,IL,1126,835,0,1,1.0
1031,mpg,1986-10A,Mt. Prospect,IL,1195,835,1,1,1.0
1032,mpg,1986-10B,Mt. Prospect,IL,1195,835,1,1,1.0
1033,mpg,1986-10C,Mt. Prospect,IL,1126,835,1,1,1.0
1034,mpg,1986-11A,Mt. Prospect,IL,1126,835,1,1,1.0
1035,mpg,1986-11B,Mt. Prospect,IL,1195,835,0,1,1.0
1036,mpg,1986-11C,Mt. Prospect,IL,1195,835,0,1,1.0
1037,mpg,1986-12A,Mt. Prospect,IL,1649,1240,0,2,2.0
1038,mpg,1986-12B,Mt. Prospect,IL,1699,1240,1,3,3.0
1039,mpg,1986-12C,Mt. Prospect,IL,1200,1240,0,2,2.0
1040,mpg,1986-13A,Mt. Prospect,IL,1649,1240,0,2,2.0
1041,mpg,1986-13B,Mt. Prospect,IL,1200,1240,1,2,2.0
1042,mpg,1986-13C,Mt. Prospect,IL,1200,1240,0,2,2.0
1043,mpg,1988-06A,Mt. Prospect,IL,1100,1040,0,2,2.0
1044,mpg,1988-06B,Mt. Prospect,IL,1449,1040,1,2,2.0
1045,mpg,1988-07A,Mt. Prospect,IL,1176,895,0,2,2.0
1046,mpg,1988-07B,Mt. Prospect,IL,1226,930,0,2,2.0
1047,mpg,1988-08A,Mt. Prospect,IL,1375,895,1,2,2.0
1048,mpg,1988-08B,Mt. Prospect,IL,1375,895,1,2,2.0
1049,mpg,1990-04A,Mt. Prospect,IL,1226,960,0,2,2.0
1050,mpg,1990-04B,Mt. Prospect,IL,1449,1040,1,2,2.0
1051,mpg,1990-05A,Mt. Prospect,IL,1449,1040,1,2,2.0
1052,mpg,1990-05B,Mt. Prospect,IL,1449,1040,1,2,2.0
1053,mpg,1992-01A,Mt. Prospect,IL,1176,895,0,2,2.0
1054,mpg,1992-01B,Mt. Prospect,IL,1176,895,0,2,2.0
1055,mpg,1992-02A,Mt. Prospect,IL,1375,895,0,2,2.0
1056,mpg,1992-02B,Mt. Prospect,IL,1525,930,1,2,2.0
1057,mpg,1992-03A,Mt. Prospect,IL,1100,1040,0,2,2.0
1058,mpg,1992-03B,Mt. Prospect,IL,1100,1040,1,2,2.0
1059,mpg,1994-06A,Mt. Prospect,IL,1100,1040,1,2,2.0
1060,mpg,1994-06B,Mt. Prospect,IL,1100,1040,1,2,2.0
1061,mpg,1994-07A,Mt. Prospect,IL,1375,895,1,2,2.0
1062,mpg,1994-07B,Mt. Prospect,IL,1525,930,1,2,2.0
1063,mpg,1994-08A,Mt. Prospect,IL,1176,895,0,2,2.0
1064,mpg,1994-08B,Mt. Prospect,IL,1176,895,1,2,2.0
1065,mpg,1996-04A,Mt. Prospect,IL,1226,960,0,2,2.0
1066,mpg,1996-04B,Mt. Prospect,IL,1100,1040,1,2,2.0
1067,mpg,1996-05A,Mt. Prospect,IL,1449,1040,1,2,2.0
1068,mpg,1996-05B,Mt. Prospect,IL,1100,1040,0,2,2.0
1069,mpg,1998-01A,Mt. Prospect,IL,1176,895,1,2,2.0
1070,mpg,1998-01B,Mt. Prospect,IL,1176,895,0,2,2.0
1071,mpg,1998-02B,Mt. Prospect,IL,1525,930,1,2,2.0
1072,mpg,1998-03A,Mt. Prospect,IL,1100,1040,0,2,2.0
1073,mpg,1998-03B,Mt. Prospect,IL,1449,1040,1,2,2.0
1074,mpg,2000-01A,Mt. Prospect,IL,1375,895,0,2,2.0
1075,mpg,2000-01B,Mt. Prospect,IL,1375,895,0,2,2.0
1076,mpg,2000-02A,Mt. Prospect,IL,1375,895,0,2,2.0
1077,mpg,2000-02B,Mt. Prospect,IL,1226,930,0,2,2.0
1078,mpg,2000-03A,Mt. Prospect,IL,1100,1040,1,2,2.0
1079,mpg,2000-03B,Mt. Prospect,IL,1449,1040,1,2,2.0
1080,mpg,2002-04A,Mt. Prospect,IL,1425,960,1,2,2.0
1081,mpg,2002-04B,Mt. Prospect,IL,1100,1040,1,2,2.0
1082,mpg,2002-05A,Mt. Prospect,IL,1100,1040,0,2,2.0
1083,mpg,2002-05B,Mt. Prospect,IL,1449,1040,1,2,2.0
1084,mpg,2004-06A,Mt. Prospect,IL,1100,1040,0,2,2.0
1085,mpg,2004-06B,Mt. Prospect,IL,1449,1040,0,2,2.0
1086,mpg,2004-07A,Mt. Prospect,IL,1375,895,0,2,2.0
1087,mpg,2004-07B,Mt. Prospect,IL,1525,930,1,2,2.0
1088,mpg,2004-08A,Mt. Prospect,IL,1176,895,0,2,2.0
1089,mpg,2004-08B,Mt. Prospect,IL,1176,895,0,2,2.0
1090,mpg,2006-01A,Mt. Prospect,IL,1649,1240,0,2,2.0
1091,mpg,2006-01B,Mt. Prospect,IL,1200,1240,0,2,2.0
1092,mpg,2006-01C,Mt. Prospect,IL,1649,1240,1,2,2.0
1093,mpg,2006-02A,Mt. Prospect,IL,1649,1240,0,2,3.0
1094,mpg,2006-02B,Mt. Prospect,IL,1200,1240,0,2,2.0
1095,mpg,2006-02C,Mt. Prospect,IL,1699,1040,0,3,2.0
1096,mpg,2006-03A,Mt. Prospect,IL,1195,835,0,1,1.0
1097,mpg,2006-03B,Mt. Prospect,IL,1195,835,0,1,1.0
1098,mpg,2006-03C,Mt. Prospect,IL,1195,835,1,1,1.0
1099,mpg,2006-04A,Mt. Prospect,IL,1126,835,0,1,1.0
1100,mpg,2006-04B,Mt. Prospect,IL,1126,835,1,1,1.0
1101,mpg,2006-04C,Mt. Prospect,IL,1195,835,1,1,1.0
1102,mpg,2006-05A,Mt. Prospect,IL,1175,735,0,1,1.0
1103,mpg,2006-05B,Mt. Prospect,IL,1195,835,0,1,1.0
1104,mpg,2006-05C,Mt. Prospect,IL,1195,835,0,1,1.0
1105,mpg,2006-06A,Mt. Prospect,IL,1195,835,1,1,1.0
1106,mpg,2006-06B,Mt. Prospect,IL,1126,835,0,1,1.0
1107,mpg,2006-06C,Mt. Prospect,IL,1195,835,1,1,1.0
1108,mpg,2006-07A,Mt. Prospect,IL,1175,735,1,1,1.0
1109,mpg,2006-07B,Mt. Prospect,IL,1195,835,0,1,1.0
1110,mpg,2006-07C,Mt. Prospect,IL,1195,835,0,1,1.0
1111,mpg,2006-08A,Mt. Prospect,IL,1195,835,1,1,1.0
1112,mpg,2006-08B,Mt. Prospect,IL,1195,835,1,1,1.0
1113,mpg,2006-08C,Mt. Prospect,IL,1195,835,1,1,1.0
1114,mpg,2006-09A,Mt. Prospect,IL,1195,835,1,1,1.0
1115,mpg,2006-09B,Mt. Prospect,IL,1195,835,1,1,1.0
1116,mpg,2006-09C,Mt. Prospect,IL,1195,835,0,1,1.0
1117,mpg,2006-10A,Mt. Prospect,IL,1126,835,0,1,1.0
1118,mpg,2006-10B,Mt. Prospect,IL,1126,835,1,1,1.0
1119,mpg,2006-10C,Mt. Prospect,IL,1126,835,0,1,1.0
1120,mpg,2006-11A,Mt. Prospect,IL,1195,835,1,1,1.0
1121,mpg,2006-11B,Mt. Prospect,IL,1126,835,1,1,1.0
1122,mpg,2006-11C,Mt. Prospect,IL,1126,835,0,1,1.0
1123,mpg,2006-12A,Mt. Prospect,IL,1126,835,0,1,1.0
1124,mpg,2006-12B,Mt. Prospect,IL,1195,835,0,1,1.0
1125,mpg,2006-12C,Mt. Prospect,IL,1126,835,1,1,1.0
1126,mpg,2006-13A,Mt. Prospect,IL,1126,835,0,1,1.0
1127,mpg,2006-13B,Mt. Prospect,IL,1195,835,1,1,1.0
1128,mpg,2006-13C,Mt. Prospect,IL,1126,835,1,1,1.0
1129,mpg,2006-14A,Mt. Prospect,IL,1200,1240,0,2,2.0
1130,mpg,2006-14B,Mt. Prospect,IL,1200,1240,0,2,2.0
1131,mpg,2006-14C,Mt. Prospect,IL,1200,1240,1,2,2.0
1132,mpg,2006-15A,Mt. Prospect,IL,1649,1240,1,2,2.0
1133,mpg,2006-15B,Mt. Prospect,IL,1200,1240,0,2,2.0
1134,mpg,2006-15C,Mt. Prospect,IL,1200,1240,0,2,2.0
1135,mpg,2008-01A,Mt. Prospect,IL,1375,895,0,2,2.0
1136,mpg,2008-01B,Mt. Prospect,IL,1176,895,0,2,2.0
1137,mpg,2008-02A,Mt. Prospect,IL,1375,895,0,2,2.0
1138,mpg,2008-02B,Mt. Prospect,IL,1525,930,0,2,2.0
1139,mpg,2008-03A,Mt. Prospect,IL,1100,1040,0,2,2.0
1140,mpg,2008-03B,Mt. Prospect,IL,1449,1040,1,2,2.0
1141,mpg,2010-04A,Mt. Prospect,IL,1226,960,0,2,2.0
1142,mpg,2010-04B,Mt. Prospect,IL,1100,1040,1,2,2.0
1143,mpg,2010-05A,Mt. Prospect,IL,1449,1040,1,2,2.0
1144,mpg,2010-05B,Mt. Prospect,IL,1449,1040,0,2,2.0
1145,mpg,2012-06A,Mt. Prospect,IL,1100,1040,0,2,2.0
1146,mpg,2012-06B,Mt. Prospect,IL,1449,1040,0,2,2.0
1147,mpg,2012-07A,Mt. Prospect,IL,1226,960,0,2,2.0
1148,mpg,2012-07B,Mt. Prospect,IL,1449,1040,1,2,2.0
1149,mpg,2014-08A,Mt. Prospect,IL,1449,1040,0,2,2.0
1150,mpg,2014-08B,Mt. Prospect,IL,1100,1040,1,2,2.0
1151,mpg,2014-09A,Mt. Prospect,IL,1176,895,0,2,2.0
1152,mpg,2014-09B,Mt. Prospect,IL,1525,930,1,2,2.0
1153,mpg,2014-10A,Mt. Prospect,IL,1375,895,0,2,2.0
1154,mpg,2014-10B,Mt. Prospect,IL,1176,895,1,2,2.0
1155,mpg,2016-08A,Mt. Prospect,IL,1449,1040,0,2,2.0
1156,mpg,2016-08B,Mt. Prospect,IL,1100,1040,0,2,2.0
1157,mpg,2016-09A,Mt. Prospect,IL,1176,895,1,2,2.0
1158,mpg,2016-09B,Mt. Prospect,IL,1226,930,0,2,2.0
1159,mpg,2016-10A,Mt. Prospect,IL,1375,895,1,2,2.0
1160,mpg,2016-10B,Mt. Prospect,IL,1176,895,0,2,2.0
1161,mpg,2018-06A,Mt. Prospect,IL,1449,1040,1,2,2.0
1162,mpg,2018-06B,Mt. Prospect,IL,1100,1040,0,2,2.0
1163,mpg,2018-07A,Mt. Prospect,IL,1425,960,0,2,2.0
1164,mpg,2018-07B,Mt. Prospect,IL,1449,1040,0,2,2.0
1165,mpg,2020-04A,Mt. Prospect,IL,1226,960,0,2,2.0
1166,mpg,2020-04B,Mt. Prospect,IL,1100,1040,0,2,2.0
1167,mpg,2020-05A,Mt. Prospect,IL,1449,1040,1,2,2.0
1168,mpg,2020-05B,Mt. Prospect,IL,1100,1040,0,2,2.0
1169,mpg,2022-01A,Mt. Prospect,IL,1375,895,1,2,2.0
1170,mpg,2022-01B,Mt. Prospect,IL,1176,895,0,2,2.0
1171,mpg,2022-02A,Mt. Prospect,IL,1176,895,1,2,2.0
1172,mpg,2022-02B,Mt. Prospect,IL,1525,930,1,2,2.0
1173,mpg,2022-03A,Mt. Prospect,IL,1449,1040,0,2,2.0
1174,mpg,2022-03B,Mt. Prospect,IL,1449,1040,0,2,2.0
1175,mpg,2024-01A,Mt. Prospect,IL,1699,1240,1,2,2.0
1176,mpg,2024-01B,Mt. Prospect,IL,1699,1240,1,2,2.0
1177,mpg,2024-01C,Mt. Prospect,IL,1699,1240,1,2,2.0
1178,mpg,2024-02A,Mt. Prospect,IL,1699,1240,0,2,2.0
1179,mpg,2024-02B,Mt. Prospect,IL,1699,1240,1,2,2.0
1180,mpg,2024-02C,Mt. Prospect,IL,1699,1240,1,2,2.0
1181,mpg,2024-03A,Mt. Prospect,IL,1195,835,0,1,1.0
1182,mpg,2024-03B,Mt. Prospect,IL,1195,835,0,1,1.0
1183,mpg,2024-03C,Mt. Prospect,IL,1195,835,0,1,1.0
1184,mpg,2024-04A,Mt. Prospect,IL,1195,835,1,1,1.0
1185,mpg,2024-04B,Mt. Prospect,IL,1195,835,1,1,1.0
1186,mpg,2024-04C,Mt. Prospect,IL,1195,835,0,1,1.0
1187,mpg,2024-05A,Mt. Prospect,IL,1175,735,0,1,1.0
1188,mpg,2024-05B,Mt. Prospect,IL,1195,835,1,1,1.0
1189,mpg,2024-05C,Mt. Prospect,IL,1195,835,0,1,1.0
1190,mpg,2024-06A,Mt. Prospect,IL,1195,835,0,1,1.0
1191,mpg,2024-06B,Mt. Prospect,IL,1195,835,0,1,1.0
1192,mpg,2024-06C,Mt. Prospect,IL,1195,835,0,1,1.0
1193,mpg,2024-07A,Mt. Prospect,IL,1175,735,0,1,1.0
1194,mpg,2024-07B,Mt. Prospect,IL,1195,835,0,1,1.0
1195,mpg,2024-07C,Mt. Prospect,IL,1195,835,1,1,1.0
1196,mpg,2024-08A,Mt. Prospect,IL,1195,835,1,1,1.0
1197,mpg,2024-08B,Mt. Prospect,IL,1195,835,1,1,1.0
1198,mpg,2024-08C,Mt. Prospect,IL,1195,835,0,1,1.0
1199,mpg,2024-09A,Mt. Prospect,IL,1195,835,1,1,1.0
1200,mpg,2024-09B,Mt. Prospect,IL,1195,835,0,1,1.0
1201,mpg,2024-09C,Mt. Prospect,IL,1195,835,0,1,1.0
1202,mpg,2024-10A,Mt. Prospect,IL,1195,835,0,1,1.0
1203,mpg,2024-10B,Mt. Prospect,IL,1195,835,1,1,1.0
1204,mpg,2024-10C,Mt. Prospect,IL,1195,835,1,1,1.0
1205,mpg,2024-11A,Mt. Prospect,IL,1195,835,1,1,1.0
1206,mpg,2024-11B,Mt. Prospect,IL,1195,835,0,1,1.0
1207,mpg,2024-11C,Mt. Prospect,IL,1195,835,0,1,1.0
1208,mpg,2024-12A,Mt. Prospect,IL,1699,1240,0,2,2.0
1209,mpg,2024-12B,Mt. Prospect,IL,1699,1240,0,2,2.0
1210,mpg,2024-12C,Mt. Prospect,IL,1699,1240,0,2,2.0
1211,mpg,2024-13A,Mt. Prospect,IL,1699,1240,0,2,2.0
1212,mpg,2024-13B,Mt. Prospect,IL,1699,1240,1,2,2.0
1213,mpg,2024-13C,Mt. Prospect,IL,1699,1240,1,2,2.0
1214,mpg,2026-01A,Mt. Prospect,IL,1176,895,0,2,2.0
1215,mpg,2026-01B,Mt. Prospect,IL,1375,895,0,2,2.0
1216,mpg,2026-02A,Mt. Prospect,IL,1176,895,0,2,2.0
1217,mpg,2026-02B,Mt. Prospect,IL,1226,930,0,2,2.0
1218,mpg,2026-03A,Mt. Prospect,IL,1100,1040,1,2,2.0
1219,mpg,2026-03B,Mt. Prospect,IL,1100,1040,0,2,2.0
1220,mpg,2028-04A,Mt. Prospect,IL,1425,960,0,2,2.0
1221,mpg,2028-04B,Mt. Prospect,IL,1100,1040,1,2,2.0
1222,mpg,2028-05A,Mt. Prospect,IL,1100,1040,0,2,2.0
1223,mpg,2028-05B,Mt. Prospect,IL,1100,1040,0,2,2.0
1224,mpg,2030-06A,Mt. Prospect,IL,1100,1040,0,2,2.0
1225,mpg,2030-06B,Mt. Prospect,IL,1100,1040,0,2,2.0
1226,mpg,2030-07A,Mt. Prospect,IL,1176,895,1,2,2.0
1227,mpg,2030-07B,Mt. Prospect,IL,1525,930,1,2,2.0
1228,mpg,2030-08A,Mt. Prospect,IL,1176,895,0,2,2.0
1229,mpg,2030-08B,Mt. Prospect,IL,1176,895,0,2,2.0
1230,mpg,2032-01A,Mt. Prospect,IL,1375,895,1,2,2.0
1231,mpg,2032-01B,Mt. Prospect,IL,1176,895,0,2,2.0
1232,mpg,2032-02A,Mt. Prospect,IL,1375,895,1,2,2.0
1233,mpg,2032-02B,Mt. Prospect,IL,1525,930,1,2,2.0
1234,mpg,2032-03A,Mt. Prospect,IL,1449,1040,0,2,2.0
1235,mpg,2032-03B,Mt. Prospect,IL,1449,1040,1,2,2.0
1236,mpg,2034-04A,Mt. Prospect,IL,1425,960,0,2,2.0
1237,mpg,2034-04B,Mt. Prospect,IL,1449,1040,1,2,2.0
1238,mpg,2034-05A,Mt. Prospect,IL,1100,1040,1,2,2.0
1239,mpg,2034-05B,Mt. Prospect,IL,1449,1040,1,2,2.0
1240,mpg,2036-06A,Mt. Prospect,IL,1449,1040,0,2,2.0
1241,mpg,2036-06B,Mt. Prospect,IL,1449,1040,0,2,2.0
1242,mpg,2036-07A,Mt. Prospect,IL,1176,895,0,2,2.0
1243,mpg,2036-07B,Mt. Prospect,IL,1226,930,0,2,2.0
1244,mpg,2036-08A,Mt. Prospect,IL,1375,895,1,2,2.0
1245,mpg,2036-08B,Mt. Prospect,IL,1375,895,1,2,2.0
1246,mpg,WAIT-1B,Mount Prospect,IL,1050,835,0,0,
1247,mpg,WAIT-2A,Mount Prospect,IL,1050,895,0,0,
1248,mpg,WAIT-2D,Mount Prospect,IL,1150,1040,0,0,
1249,mpg,WAIT-1BR,Mount Prospect,IL,1099,735,0,1,
1250,mpg,WAIT-2BR,Mount Prospect,IL,1399,930,0,0,
1251,mpg,WAIT-2AR,Mount Prospect,IL,1249,895,0,2,
1252,mpg,WAIT-1A,Mount Prospect,IL,1050,735,0,0,
1253,mpg,WAIT-1AR,Mount Prospect,IL,1099,735,0,1,
1254,mpg,WAIT-2B,Mount Prospect,IL,1100,930,0,0,
1255,mpg,WAIT-2DR,Mount Prospect,IL,1499,1040,0,0,
1256,sh,TH5761,Toledo,OH,775,1006,1,2,1.5
1257,sh,TH5763,Toledo,OH,775,1006,1,2,1.5
1258,sh,TH5765,Toledo,OH,775,1006,1,2,1.5
1259,sh,TH5767,Toledo,OH,775,1006,0,2,1.5
1260,sh,TH5769,Toledo,OH,890,1006,0,2,1.5
1261,sh,TH5771,Toledo,OH,775,1006,1,2,1.5
1262,sh,SH5762,Toledo,OH,775,1006,1,3,1.5
1263,sh,SH5764,Toledo,OH,800,1006,1,3,1.5
1264,sh,SH5766,Toledo,OH,800,1006,1,3,1.5
1265,sh,SH5768,Toledo,OH,800,1006,1,3,1.5
1266,sh,SH5770,Toledo,OH,800,1006,1,3,1.5
1267,sh,SH5772,Toledo,OH,800,1006,1,3,1.5
1268,sh,SH5774,Toledo,OH,800,1006,1,3,1.5
1269,sh,SH5776,Toledo,OH,800,1006,0,3,1.5
1270,sh,SH5802,Toledo,OH,800,1006,0,3,1.5
1271,sh,SH5804,Toledo,OH,800,1006,0,3,1.5
1272,sh,SH5806,Toledo,OH,800,1006,0,3,1.5
1273,sh,SH5808,Toledo,OH,800,1006,1,3,1.5
1274,sh,SH5810,Toledo,OH,800,1006,0,3,1.5
1275,sh,SH5812,Toledo,OH,800,1006,0,3,1.5
1276,sh,SH5814,Toledo,OH,800,1006,1,3,1.5
1277,sh,SH5816,Toledo,OH,800,1006,1,3,1.5
1278,sh,SH5818,Toledo,OH,800,1006,1,3,1.5
1279,sh,SH5820,Toledo,OH,800,1006,0,3,1.5
1280,sh,SH5822,Toledo,OH,800,1006,1,3,1.5
1281,sh,SH5824,Toledo,OH,800,1006,1,3,1.5
1282,sh,SH5826,Toledo,OH,800,1006,1,3,1.5
1283,sh,SH5828,Toledo,OH,800,1006,-1,3,1.5
1284,sh,SH5830,Toledo,OH,800,1006,0,3,1.5
1285,sh,SH5832,Toledo,OH,800,1006,1,3,1.5
1286,sh,SH5834,Toledo,OH,800,1006,1,3,1.5
1287,sh,SH5836,Toledo,OH,800,1006,1,3,1.5
1288,sh,SH5838,Toledo,OH,775,1006,1,2,1.5
1289,sh,SH5840,Toledo,OH,775,1006,0,2,1.5
1290,sh,SH5842,Toledo,OH,775,1006,0,2,1.5
1291,sh,SH5844,Toledo,OH,775,1006,1,2,1.5
1292,sh,SH5846,Toledo,OH,775,1006,0,2,1.5
1293,sh,SH5848,Toledo,OH,775,1006,1,2,1.5
1294,sh,SH5850,Toledo,OH,775,1006,0,2,1.5
1295,sh,SH5852,Toledo,OH,775,1006,1,2,1.5
1296,sh,SH5854,Toledo,OH,775,1006,1,2,1.5
1297,sh,SH5856,Toledo,OH,775,1006,1,2,1.5
1298,sh,SH5858,Toledo,OH,775,1006,1,2,1.5
1299,sh,SH5860,Toledo,OH,724,1006,1,2,1.5
1300,sh,SH5862,Toledo,OH,775,1006,1,2,1.5
1301,sh,SH5864,Toledo,OH,775,1006,1,2,1.5
1302,sh,SH5900,Toledo,OH,775,1006,1,2,1.5
1303,sh,SH5902,Toledo,OH,775,1006,1,2,1.5
1304,sh,SH5904,Toledo,OH,775,1006,0,2,1.5
1305,sh,SH5906,Toledo,OH,775,1006,1,2,1.5
1306,sh,SH5908,Toledo,OH,775,1006,0,2,1.5
1307,sh,SH5910,Toledo,OH,775,1006,1,2,1.5
1308,sh,SH5914,Toledo,OH,775,1006,0,2,1.5
1309,sh,SH5916,Toledo,OH,775,1006,1,2,1.5
1310,sh,SH5918,Toledo,OH,775,1006,1,2,1.5
1311,sh,SH5920,Toledo,OH,775,1006,0,2,1.5
1312,sh,SH5922,Toledo,OH,775,1006,1,2,1.5
1313,sh,SH5924,Toledo,OH,775,1006,1,2,1.5
1314,sh,SH5926,Toledo,OH,775,1006,1,2,1.5
1315,sh,SH5928,Toledo,OH,775,1006,1,2,1.5
1316,sh,SH5930,Toledo,OH,775,1006,1,2,1.5
1317,sh,SH5932,Toledo,OH,775,1006,1,2,1.5
1318,sh,SH5934,Toledo,OH,775,1006,1,2,1.5
1319,sh,SH5936,Toledo,OH,775,1006,0,2,1.5
1320,sh,SH5940,Toledo,OH,775,1006,1,2,1.5
1321,sh,SH5942,Toledo,OH,775,1006,1,2,1.5
1322,sh,SH5944,Toledo,OH,775,1006,1,2,1.5
1323,sh,SH5946,Toledo,OH,775,1006,1,2,1.5
1324,sh,SH5948,Toledo,OH,775,1006,1,2,1.5
1325,sh,SH5950,Toledo,OH,775,1006,1,2,1.5
1326,sh,SH5952,Toledo,OH,775,1006,1,2,1.5
1327,sh,SH5954,Toledo,OH,775,1006,1,2,1.5
1328,sh,TH5965,Toledo,OH,800,1006,1,3,1.5
1329,sh,TH5967,Toledo,OH,800,1006,0,3,1.5
1330,sh,TH5969,Toledo,OH,800,1006,0,3,1.5
1331,sh,TH5971,Toledo,OH,800,1006,0,3,1.5
1332,sh,TH5973,Toledo,OH,950,1006,0,3,1.5
1333,sh,TH5975,Toledo,OH,900,1156,1,3,1.5
1334,sh,TH5977,Toledo,OH,800,1006,0,3,1.5
1335,sh,TH5979,Toledo,OH,800,1006,0,3,1.5
1336,sh,TH5981,Toledo,OH,800,1006,1,3,1.5
1337,sh,TH5983,Toledo,OH,800,1006,1,3,1.5
1338,sh,TH5985,Toledo,OH,800,1006,1,3,1.5
1339,sh,TH5987,Toledo,OH,800,1006,0,3,1.5
1340,sh,TH5825,Toledo,OH,900,1156,1,3,1.5
1341,sh,TH5827,Toledo,OH,900,1156,1,3,1.5
1342,sh,TH5829,Toledo,OH,900,1156,1,3,1.5
1343,sh,TH5831,Toledo,OH,900,1156,1,3,1.5
1344,sh,TH5833,Toledo,OH,775,1006,1,2,1.5
1345,sh,TH5835,Toledo,OH,775,1006,1,2,1.5
1346,sh,TH5837,Toledo,OH,890,1006,0,2,1.5
1347,sh,TH5839,Toledo,OH,775,1006,1,2,1.5
1348,sh,TH5841,Toledo,OH,900,1156,1,3,1.5
1349,sh,TH5843,Toledo,OH,900,1156,1,3,1.5
1350,sh,TH5845,Toledo,OH,900,1156,1,3,1.5
1351,sh,TH5847,Toledo,OH,900,1156,1,3,1.5
1352,sh,TH5801,Toledo,OH,775,1006,1,2,1.5
1353,sh,TH5803,Toledo,OH,775,1006,1,2,1.5
1354,sh,TH5805,Toledo,OH,775,1006,1,2,1.5
1355,sh,TH5807,Toledo,OH,775,1006,1,2,1.5
1356,sh,TH5809,Toledo,OH,900,1156,1,3,1.5
1357,sh,TH5811,Toledo,OH,900,1156,1,3,1.5
1358,sh,TH5813,Toledo,OH,960,1156,1,3,1.5
1359,sh,TH5815,Toledo,OH,900,1156,1,3,1.5
1360,sh,TH5817,Toledo,OH,775,1006,0,2,1.5
1361,sh,TH5819,Toledo,OH,775,1006,1,2,1.5
1362,sh,TH5821,Toledo,OH,775,1006,1,2,1.5
1363,sh,TH5823,Toledo,OH,775,1006,0,2,1.5
1364,sh,TH5773,Toledo,OH,900,1156,0,3,1.5
1365,sh,TH5775,Toledo,OH,900,1156,1,3,1.5
1366,sh,TH5777,Toledo,OH,900,1156,1,3,1.5
1367,sh,TH5779,Toledo,OH,900,1156,1,3,1.5
1368,sh,TH5781,Toledo,OH,775,1006,1,2,1.5
1369,sh,TH5783,Toledo,OH,775,1006,1,2,1.5
1370,sh,TH5785,Toledo,OH,775,1006,1,2,1.5
1371,sh,TH5787,Toledo,OH,775,1006,1,2,1.5
1372,sh,TH5789,Toledo,OH,900,1156,0,3,1.5
1373,sh,TH5791,Toledo,OH,900,1156,0,3,1.5
1374,sh,TH5793,Toledo,OH,900,1156,1,3,1.5
1375,sh,TH5795,Toledo,OH,900,1156,1,3,1.5
1376,sh,TH5910,Toledo,OH,900,1156,1,3,1.5
1377,sh,TH5912,Toledo,OH,990,1156,1,3,1.5
1378,sh,TH5914,Toledo,OH,900,1156,1,3,1.5
1379,sh,TH5916,Toledo,OH,900,1156,1,3,1.5
1380,sh,TH5918,Toledo,OH,900,1156,-1,3,1.5
1381,sh,TH5920,Toledo,OH,900,1156,0,3,1.5
1382,sh,TH5822,Toledo,OH,775,1006,1,2,1.5
1383,sh,TH5824,Toledo,OH,775,1006,1,2,1.5
1384,sh,TH5826,Toledo,OH,775,1006,1,2,1.5
1385,sh,TH5828,Toledo,OH,775,1006,1,2,1.5
1386,sh,TH5830,Toledo,OH,775,1006,1,2,1.5
1387,sh,TH5832,Toledo,OH,775,1006,1,2,1.5
1388,sh,TH5834,Toledo,OH,775,1006,1,2,1.5
1389,sh,TH5836,Toledo,OH,775,1006,1,2,1.5
1390,sh,TH5802,Toledo,OH,800,1006,0,3,1.5
1391,sh,TH5804,Toledo,OH,800,1006,1,3,1.5
1392,sh,TH5806,Toledo,OH,800,1006,1,3,1.5
1393,sh,TH5808,Toledo,OH,800,1006,1,3,1.5
1394,sh,TH5810,Toledo,OH,800,1006,1,3,1.5
1395,sh,TH5812,Toledo,OH,800,1006,1,3,1.5
1396,sh,TH5814,Toledo,OH,800,1006,0,3,1.5
1397,sh,TH5816,Toledo,OH,815,1006,1,3,1.5
1398,sh,TH5818,Toledo,OH,800,1006,1,3,1.5
1399,sh,TH5820,Toledo,OH,775,1006,1,2,1.5
1400,sh,SH5755,Toledo,OH,900,1156,0,3,1.5
1401,sh,SH5757,Toledo,OH,900,1156,0,3,1.5
1402,sh,SH5759,Toledo,OH,900,1156,0,3,1.5
1403,sh,SH5761,Toledo,OH,900,1156,1,3,1.5
1404,sh,SH5763,Toledo,OH,900,1156,1,3,1.5
1405,sh,SH5765,Toledo,OH,900,1156,1,3,1.5
1406,sh,SH5805,Toledo,OH,900,1156,1,3,1.5
1407,sh,SH5807,Toledo,OH,900,1156,1,3,1.5
1408,sh,SH5809,Toledo,OH,900,1156,0,3,1.5
1409,sh,SH5811,Toledo,OH,900,1156,1,3,1.5
1410,sh,SH5813,Toledo,OH,900,1156,0,3,1.5
1411,sh,SH5815,Toledo,OH,900,1156,1,3,1.5
1412,sh,SH5817,Toledo,OH,800,1006,0,3,1.5
1413,sh,SH5819,Toledo,OH,800,1006,1,3,1.5
1414,sh,SH5821,Toledo,OH,800,1006,1,3,1.5
1415,sh,SH5823,Toledo,OH,800,1006,1,3,1.5
1416,sh,SH5825,Toledo,OH,800,1006,1,3,1.5
1417,sh,SH5827,Toledo,OH,800,1006,0,3,1.5
1418,sh,SH5829,Toledo,OH,775,1006,1,2,1.5
1419,sh,SH5831,Toledo,OH,775,1006,0,2,1.5
1420,sh,SH5833,Toledo,OH,775,1006,1,2,1.5
1421,sh,SH5835,Toledo,OH,775,1006,1,2,1.5
1422,sh,SH5837,Toledo,OH,775,1006,1,2,1.5
1423,sh,SH5839,Toledo,OH,775,1006,1,2,1.5
1424,sh,SH5841,Toledo,OH,775,1006,1,2,1.5
1425,sh,SH5843,Toledo,OH,775,1006,1,2,1.5
1426,sh,SH5845,Toledo,OH,775,1006,1,2,1.5
1427,sh,SH5847,Toledo,OH,775,1006,0,2,1.5
1428,sh,SH5849,Toledo,OH,775,1006,0,2,1.5
1429,sh,SH5851,Toledo,OH,775,1006,1,2,1.5
1430,sh,SH5853,Toledo,OH,775,1006,1,2,1.5
1431,sh,SH5855,Toledo,OH,775,1006,0,2,1.5
1432,sh,SH5857,Toledo,OH,775,1006,1,2,1.5
1433,sh,SH5859,Toledo,OH,775,1006,0,2,1.5
1434,sh,SH5861,Toledo,OH,775,1006,1,2,1.5
1435,sh,SH5863,Toledo,OH,775,1006,1,2,1.5
1436,sh,SH5901,Toledo,OH,775,1006,1,2,1.5
1437,sh,SH5903,Toledo,OH,775,1006,0,2,1.5
1438,sh,SH5905,Toledo,OH,775,1006,1,2,1.5
1439,sh,SH5907,Toledo,OH,775,1006,1,2,1.5
1440,sh,SH5909,Toledo,OH,775,1006,1,2,1.5
1441,sh,SH5911,Toledo,OH,775,1006,1,2,1.5
1442,sh,SH5913,Toledo,OH,775,1006,1,2,1.5
1443,sh,SH5915,Toledo,OH,775,1006,1,2,1.5
1444,sh,AC1097,Toledo,OH,1175,1350,0,2,1.5
1445,sh,AC1099,Toledo,OH,1375,1350,1,2,1.5
1446,sh,AC1103,Toledo,OH,1175,1350,0,2,1.5
1447,sh,AC1105,Toledo,OH,1175,1350,0,2,1.5
1448,sh,AC1107,Toledo,OH,1175,1350,1,2,1.5
1449,sh,AC1109,Toledo,OH,1175,1350,1,2,1.5
1450,sh,AC1113,Toledo,OH,1175,1350,1,2,1.5
1451,sh,AC1115,Toledo,OH,1175,1350,1,2,1.5
1452,sh,AC1119,Toledo,OH,1175,1350,1,2,1.5
1453,sh,AC1121,Toledo,OH,1175,1350,0,2,1.5
1454,sh,AC1127,Toledo,OH,1175,1350,1,2,1.5
1455,sh,AC1125,Toledo,OH,1175,1350,1,2,1.5
1456,sh,AC1131,Toledo,OH,1175,1350,1,2,1.5
1457,sh,AC1133,Toledo,OH,1175,1350,1,2,1.5
1458,sh,AC1137,Toledo,OH,1175,1350,1,2,1.5
1459,sh,AC1139,Toledo,OH,1175,1350,0,2,1.5
1460,sh,AC1143,Toledo,OH,1175,1350,1,2,1.5
1461,sh,AC1145,Toledo,OH,1175,1350,0,2,1.5
1462,sh,AC1151,Toledo,OH,1175,1350,1,2,1.5
1463,sh,AC1153,Toledo,OH,1175,1350,1,2,1.5
1464,sh,FT5765,Toledo,OH,1175,1350,1,2,1.5
1465,sh,FT5767,Toledo,OH,1175,1350,1,2,1.5
1466,sh,FT5771,Toledo,OH,1175,1350,1,2,1.5
1467,sh,FT5773,Toledo,OH,1300,1350,1,2,1.5
1468,sh,FT5779,Toledo,OH,1175,1350,1,2,1.5
1469,sh,FT5781,Toledo,OH,1175,1350,0,2,1.5
1470,sh,FT5789,Toledo,OH,1175,1350,0,2,1.5
1471,sh,FT5791,Toledo,OH,1175,1350,1,2,1.5
1472,sh,TT1177,Toledo,OH,1175,1350,0,2,1.5
1473,sh,TT1179,Toledo,OH,1175,1350,1,2,1.5
1474,sh,TT1183,Toledo,OH,1175,1350,1,2,1.5
1475,sh,TT1185,Toledo,OH,1175,1350,-1,2,1.5
1476,sh,TT1189,Toledo,OH,1175,1350,0,2,1.5
1477,sh,TT1191,Toledo,OH,1175,1350,0,2,1.5
1478,sh,TT1193,Toledo,OH,1175,1350,1,2,1.5
1479,sh,TT1195,Toledo,OH,1175,1350,0,2,1.5
1480,sh,TT1197,Toledo,OH,1175,1350,0,2,1.5
1481,sh,TT1199,Toledo,OH,1175,1350,0,2,1.5
1482,sh,TT1203,Toledo,OH,1175,1350,0,2,1.5
1483,sh,TT1205,Toledo,OH,1175,1350,1,2,1.5
1484,sh,TT1209,Toledo,OH,1175,1350,1,2,1.5
1485,sh,TT1211,Toledo,OH,1175,1350,1,2,1.5
1486,sh,TT1217,Toledo,OH,1175,1350,1,2,1.5
1487,sh,TT1219,Toledo,OH,1175,1350,0,2,1.5
1488,sh,TT1221,Toledo,OH,1175,1350,1,2,1.5
1489,sh,TT1223,Toledo,OH,1175,1350,1,2,1.5
1490,sh,TT1222,Toledo,OH,1175,1350,0,2,1.5
1491,sh,TT1224,Toledo,OH,1175,1350,0,2,1.5
1492,sh,TT1218,Toledo,OH,1250,1350,1,3,1.5
1493,sh,TT1220,Toledo,OH,1250,1350,1,3,1.5
1494,sh,TT1212,Toledo,OH,1250,1350,1,3,1.5
1495,sh,TT1214,Toledo,OH,1250,1350,1,3,1.5
1496,sh,TT1204,Toledo,OH,1250,1350,1,3,1.5
1497,sh,TT1206,Toledo,OH,1250,1350,1,3,1.5
1498,sh,TT1190,Toledo,OH,1250,1350,1,3,1.5
1499,sh,TT1192,Toledo,OH,1250,1350,1,3,1.5
1500,sh,TT1178,Toledo,OH,1250,1350,1,3,1.5
1501,sh,TT1180,Toledo,OH,1250,1350,0,3,1.5
1502,sh,TT1172,Toledo,OH,1250,1350,1,3,1.5
1503,sh,TT1174,Toledo,OH,1500,1350,1,3,1.5
1504,sh,TT1166,Toledo,OH,1250,1350,-1,3,1.5
1505,sh,TT1168,Toledo,OH,1250,1350,0,3,1.5
1506,sh,TT1162,Toledo,OH,1250,1350,1,3,1.5
1507,sh,TT1164,Toledo,OH,1250,1350,1,3,1.5
1508,sh,FT5801,Toledo,OH,1250,1350,-1,3,1.5
1509,sh,FT5803,Toledo,OH,1250,1350,1,3,1.5
1510,sh,FT5807,Toledo,OH,1250,1350,0,3,1.5
1511,sh,FT5809,Toledo,OH,1250,1350,1,3,1.5
1512,sh,FT5815,Toledo,OH,1250,1350,1,3,1.5
1513,sh,FT5817,Toledo,OH,1250,1350,1,3,1.5
1514,sh,FT5821,Toledo,OH,1250,1350,1,3,1.5
1515,sh,FT5823,Toledo,OH,1250,1350,1,3,1.5
1516,sh,FT5827,Toledo,OH,1250,1350,0,3,1.5
1517,sh,FT5829,Toledo,OH,1250,1350,1,3,1.5
1518,sh,FT5833,Toledo,OH,1250,1350,1,3,1.5
1519,sh,FT5835,Toledo,OH,1250,1350,0,3,1.5
1520,sh,FT5841,Toledo,OH,1250,1350,1,3,1.5
1521,sh,FT5843,Toledo,OH,1250,1350,1,3,1.5
1522,sh,AC1041,Toledo,OH,1250,1350,1,3,1.5
1523,sh,AC1043,Toledo,OH,1250,1350,0,3,1.5
1524,sh,AC1047,Toledo,OH,1450,1350,-1,3,1.5
1525,sh,AC1049,Toledo,OH,1250,1350,0,3,1.5
1526,sh,AC1053,Toledo,OH,1250,1350,-1,3,1.5
1527,sh,AC1055,Toledo,OH,1250,1350,-1,3,1.5
1528,sh,AC1059,Toledo,OH,1250,1350,1,3,1.5
1529,sh,AC1061,Toledo,OH,1250,1350,1,3,1.5
1530,sh,AC1063,Toledo,OH,1250,1350,1,3,1.5
1531,sh,AC1065,Toledo,OH,1250,1350,1,3,1.5
1532,sh,AC1069,Toledo,OH,1250,1350,0,3,1.5
1533,sh,AC1071,Toledo,OH,1250,1350,1,3,1.5
1534,sh,AC1075,Toledo,OH,1250,1350,1,3,1.5
1535,sh,AC1077,Toledo,OH,1250,1350,0,3,1.5
1536,sh,AC1081,Toledo,OH,1250,1350,0,3,1.5
1537,sh,AC1083,Toledo,OH,1250,1350,0,3,1.5
1538,sh,AC1087,Toledo,OH,1250,1350,0,3,1.5
1539,sh,AC1089,Toledo,OH,1250,1350,1,3,1.5
1540,sh,AC1091,Toledo,OH,1250,1350,1,3,1.5
1541,sh,AC1093,Toledo,OH,1250,1350,0,3,1.5
1542,sh,AC1094,Toledo,OH,1250,1350,0,3,1.5
1543,sh,AC1096,Toledo,OH,1250,1350,1,3,1.5
1544,sh,AC1076,Toledo,OH,1250,1350,1,3,1.5
1545,sh,AC1078,Toledo,OH,1250,1350,1,3,1.5
1546,sh,AC1064,Toledo,OH,1250,1350,1,3,1.5
1547,sh,AC1066,Toledo,OH,1250,1350,1,3,1.5
1548,sh,AC1044,Toledo,OH,1250,1350,0,3,1.5
1549,sh,AC1046,Toledo,OH,1250,1350,1,3,1.5
1550,sh,AC1038,Toledo,OH,1250,1350,1,3,1.5
1551,sh,AC1040,Toledo,OH,1250,1350,0,3,1.5
1552,sh,FT5840,Toledo,OH,1250,1350,0,3,1.5
1553,sh,FT5842,Toledo,OH,1250,1350,0,3,1.5
1554,sh,FT5832,Toledo,OH,1250,1350,0,3,1.5
1555,sh,FT5834,Toledo,OH,1250,1350,1,3,1.5
1556,sh,FT5824,Toledo,OH,1250,1350,1,3,1.5
1557,sh,FT5826,Toledo,OH,1250,1350,1,3,1.5
1558,sh,FT5814,Toledo,OH,1250,1350,1,3,1.5
1559,sh,FT5816,Toledo,OH,1250,1350,1,3,1.5
1560,sh,FT5786,Toledo,OH,1250,1350,1,3,1.5
1561,sh,FT5788,Toledo,OH,1250,1350,1,3,1.5
1562,sh,AC1138,Toledo,OH,1250,1350,1,3,1.5
1563,sh,AC1140,Toledo,OH,1250,1350,0,3,1.5
1564,sh,AC1132,Toledo,OH,1250,1350,1,3,1.5
1565,sh,AC1134,Toledo,OH,1250,1350,1,3,1.5
1566,sh,AC1126,Toledo,OH,1250,1350,1,3,1.5
1567,sh,AC1128,Toledo,OH,1250,1350,0,3,1.5
1568,sh,AC1120,Toledo,OH,1250,1350,1,3,1.5
1569,sh,AC1122,Toledo,OH,1250,1350,0,3,1.5
1570,sh,AC1114,Toledo,OH,1250,1350,1,3,1.5
1571,sh,AC1116,Toledo,OH,1250,1350,1,3,1.5
1572,sh,WC5956A,Toledo,OH,715,963,1,2,1.5
1573,sh,WC5956B,Toledo,OH,715,963,0,2,1.5
1574,sh,WC5956C,Toledo,OH,715,963,1,2,1.5
1575,sh,WC5956D,Toledo,OH,715,963,0,2,1.5
1576,sh,WC5956E,Toledo,OH,715,963,0,2,1.5
1577,sh,WC5956F,Toledo,OH,715,963,1,2,1.5
1578,sh,WC5956G,Toledo,OH,715,963,1,2,1.5
1579,sh,WC5956H,Toledo,OH,715,963,0,2,1.5
1580,sh,WC5956I,Toledo,OH,715,963,0,2,1.5
1581,sh,WC5956J,Toledo,OH,715,963,0,2,1.5
1582,sh,WC5956K,Toledo,OH,715,963,0,2,1.5
1583,sh,WC5956L,Toledo,OH,715,963,1,2,1.5
1584,sh,WC5956M,Toledo,OH,715,963,0,2,1.5
1585,sh,WC5956N,Toledo,OH,715,963,1,2,1.5
1586,sh,WC5956O,Toledo,OH,715,963,1,2,1.5
1587,sh,WC5956P,Toledo,OH,715,963,1,2,1.5
1588,sh,WC5956Q,Toledo,OH,715,963,0,2,1.5
1589,sh,WC5956R,Toledo,OH,715,963,1,2,1.5
1590,sh,WC5956S,Toledo,OH,715,963,0,2,1.5
1591,sh,WC5956T,Toledo,OH,715,963,1,2,1.5
1592,sh,WC5960A,Toledo,OH,715,963,1,2,1.5
1593,sh,WC5960B,Toledo,OH,715,963,1,2,1.5
1594,sh,WC5960C,Toledo,OH,715,963,0,2,1.5
1595,sh,WC5960D,Toledo,OH,715,963,1,2,1.5
1596,sh,WC5960E,Toledo,OH,715,963,1,2,1.5
1597,sh,WC5960F,Toledo,OH,715,963,1,2,1.5
1598,sh,WC5960G,Toledo,OH,715,963,1,2,1.5
1599,sh,WC5960H,Toledo,OH,715,963,1,2,1.5
1600,sh,WC5960I,Toledo,OH,715,963,0,2,1.5
1601,sh,WC5960J,Toledo,OH,715,963,1,2,1.5
1602,sh,WC5960K,Toledo,OH,715,963,0,2,1.5
1603,sh,WC5960L,Toledo,OH,715,963,1,2,1.5
1604,sh,WC5960M,Toledo,OH,715,963,0,2,1.5
1605,sh,WC5960N,Toledo,OH,715,963,1,2,1.5
1606,sh,WC5950A,Toledo,OH,720,950,0,2,2.0
1607,sh,WC5950B,Toledo,OH,720,950,1,2,2.0
1608,sh,WC5950C,Toledo,OH,720,950,1,2,2.0
1609,sh,WC5950D,Toledo,OH,720,950,1,2,2.0
1610,sh,WC5950E,Toledo,OH,720,950,0,2,2.0
1611,sh,WC5950F,Toledo,OH,720,950,1,2,2.0
1612,sh,WC5950G,Toledo,OH,720,950,1,2,2.0
1613,sh,WC5950H,Toledo,OH,720,950,1,2,2.0
1614,sh,WC5950I,Toledo,OH,720,950,1,2,2.0
1615,sh,WC5950J,Toledo,OH,720,950,0,2,2.0
1616,sh,WC5950K,Toledo,OH,720,950,1,2,2.0
1617,sh,WC5950L,Toledo,OH,720,950,1,2,2.0
1618,sh,WC5946A,Toledo,OH,720,950,1,2,2.0
1619,sh,WC5946B,Toledo,OH,720,950,1,2,2.0
1620,sh,WC5946C,Toledo,OH,720,950,1,2,2.0
1621,sh,WC5946D,Toledo,OH,720,950,1,2,2.0
1622,sh,WC5946E,Toledo,OH,720,950,1,2,2.0
1623,sh,WC5946F,Toledo,OH,720,950,0,2,2.0
1624,sh,WC5946G,Toledo,OH,720,950,1,2,2.0
1625,sh,WC5946H,Toledo,OH,720,950,1,2,2.0
1626,sh,WC5946I,Toledo,OH,720,950,1,2,2.0
1627,sh,WC5946J,Toledo,OH,720,950,0,2,2.0
1628,sh,WC5946K,Toledo,OH,720,950,1,2,2.0
1629,sh,WC5946L,Toledo,OH,720,950,0,2,2.0
1630,sh,WC5940A,Toledo,OH,720,950,1,2,2.0
1631,sh,WC5940B,Toledo,OH,870,950,1,2,2.0
1632,sh,WC5940C,Toledo,OH,720,950,1,2,2.0
1633,sh,WC5940D,Toledo,OH,720,950,1,2,2.0
1634,sh,WC5940E,Toledo,OH,720,950,0,2,2.0
1635,sh,WC5940F,Toledo,OH,720,950,1,2,2.0
1636,sh,WC5940G,Toledo,OH,720,950,1,2,2.0
1637,sh,WC5940H,Toledo,OH,720,950,0,2,2.0
1638,sh,WC5940I,Toledo,OH,720,950,-1,2,2.0
1639,sh,WC5940J,Toledo,OH,720,950,1,2,2.0
1640,sh,WC5936A,Toledo,OH,720,950,1,2,2.0
1641,sh,WC5936B,Toledo,OH,720,950,1,2,2.0
1642,sh,WC5936C,Toledo,OH,720,950,1,2,2.0
1643,sh,WC5936D,Toledo,OH,720,950,1,2,2.0
1644,sh,WC5936E,Toledo,OH,720,950,1,2,2.0
1645,sh,WC5936F,Toledo,OH,720,950,1,2,2.0
1646,sh,WC5936G,Toledo,OH,720,950,0,2,2.0
1647,sh,WC5936H,Toledo,OH,720,950,0,2,2.0
1648,sh,WC5936I,Toledo,OH,720,950,1,2,2.0
1649,sh,WC5936J,Toledo,OH,720,950,1,2,2.0
1650,sh,WC5936K,Toledo,OH,720,950,0,2,2.0
1651,sh,WC5936L,Toledo,OH,720,950,1,2,2.0
1652,sh,WC5930A,Toledo,OH,720,950,0,2,2.0
1653,sh,WC5930B,Toledo,OH,720,950,-1,2,2.0
1654,sh,WC5930C,Toledo,OH,720,950,1,2,2.0
1655,sh,WC5930D,Toledo,OH,720,950,1,2,2.0
1656,sh,WC5930E,Toledo,OH,720,950,0,2,2.0
1657,sh,WC5930F,Toledo,OH,720,950,0,2,2.0
1658,sh,WC5930G,Toledo,OH,720,950,0,2,2.0
1659,sh,WC5930H,Toledo,OH,720,950,1,2,2.0
1660,sh,WC5933A,Toledo,OH,715,963,0,2,1.5
1661,sh,WC5933B,Toledo,OH,715,963,0,2,1.5
1662,sh,WC5933C,Toledo,OH,715,963,0,2,1.5
1663,sh,WC5933D,Toledo,OH,715,963,1,2,1.5
1664,sh,WC5933E,Toledo,OH,715,963,1,2,1.5
1665,sh,WC5933F,Toledo,OH,715,963,1,2,1.5
1666,sh,WC5933G,Toledo,OH,715,963,1,2,1.5
1667,sh,WC5933H,Toledo,OH,715,963,1,2,1.5
1668,sh,WC5933I,Toledo,OH,715,963,0,2,1.5
1669,sh,WC5933J,Toledo,OH,715,963,1,2,1.5
1670,sh,WC5933K,Toledo,OH,715,963,1,2,1.5
1671,sh,WC5933L,Toledo,OH,715,963,1,2,1.5
1672,sh,WC5933M,Toledo,OH,715,963,1,2,1.5
1673,sh,WC5933N,Toledo,OH,715,963,1,2,1.5
1674,sh,WC5933O,Toledo,OH,715,963,1,2,1.5
1675,sh,WC5933P,Toledo,OH,715,963,0,2,1.5
1676,sh,WC5933Q,Toledo,OH,715,963,1,2,1.5
1677,sh,WC5933R,Toledo,OH,715,963,0,2,1.5
1678,sh,WC5933S,Toledo,OH,715,963,0,2,1.5
1679,sh,WC5933T,Toledo,OH,715,963,1,2,1.5
1680,sh,WC5933U,Toledo,OH,715,963,0,2,1.5
1681,sh,WC5933V,Toledo,OH,715,963,1,2,1.5
1682,sh,WC5933W,Toledo,OH,715,963,1,2,1.5
1683,sh,WC5933X,Toledo,OH,715,963,0,2,1.5
1684,sh,WC5966A,Toledo,OH,715,963,0,2,1.5
1685,sh,WC5966B,Toledo,OH,715,963,1,2,1.5
1686,sh,WC5966C,Toledo,OH,715,963,0,2,1.5
1687,sh,WC5966D,Toledo,OH,715,963,0,2,1.5
1688,sh,WC5966E,Toledo,OH,715,963,1,2,1.5
1689,sh,WC5966F,Toledo,OH,715,963,0,2,1.5
1690,sh,WC5966G,Toledo,OH,715,963,1,2,1.5
1691,sh,WC5966H,Toledo,OH,715,963,1,2,1.5
1692,sh,WC5966I,Toledo,OH,715,963,1,2,1.5
1693,sh,WC5966J,Toledo,OH,715,963,0,2,1.5
1694,sh,WC5970A,Toledo,OH,675,950,0,2,1.0
1695,sh,WC5970B,Toledo,OH,675,950,1,2,1.0
1696,sh,WC5970C,Toledo,OH,675,950,1,2,1.0
1697,sh,WC5970D,Toledo,OH,675,950,1,2,1.0
1698,sh,WC5970E,Toledo,OH,675,950,0,2,1.0
1699,sh,WC5970F,Toledo,OH,675,950,0,2,1.0
1700,sh,WC5970G,Toledo,OH,675,950,1,2,1.0
1701,sh,WC5970H,Toledo,OH,675,950,1,2,1.0
1702,sh,WC5970I,Toledo,OH,675,950,1,2,1.0
1703,sh,WC5970J,Toledo,OH,675,950,0,2,1.0
1704,sh,WC5970K,Toledo,OH,675,950,1,2,1.0
1705,sh,WC5970L,Toledo,OH,675,950,1,2,1.0
1706,sh,FT5862A,Toledo,OH,650,932,0,2,1.0
1707,sh,FT5862B,Toledo,OH,650,932,1,2,1.0
1708,sh,FT5862C,Toledo,OH,650,932,1,2,1.0
1709,sh,FT5862D,Toledo,OH,650,932,1,2,1.0
1710,sh,FT5862E,Toledo,OH,650,932,1,2,1.0
1711,sh,FT5862F,Toledo,OH,650,932,1,2,1.0
1712,sh,FT5862G,Toledo,OH,650,932,1,2,1.0
1713,sh,FT5862H,Toledo,OH,650,932,0,2,1.0
1714,sh,FT5862I,Toledo,OH,650,932,1,2,1.0
1715,sh,FT5862J,Toledo,OH,650,932,1,2,1.0
1716,sh,FT5862K,Toledo,OH,650,932,1,2,1.0
1717,sh,FT5862L,Toledo,OH,650,932,0,2,1.0
1718,sh,FT5862M,Toledo,OH,650,932,0,2,1.0
1719,sh,FT5862N,Toledo,OH,650,932,0,2,1.0
1720,sh,FT5862O,Toledo,OH,650,932,0,2,1.0
1721,sh,FT5862P,Toledo,OH,650,932,1,2,1.0
1722,sh,FT5880A,Toledo,OH,685,984,1,2,1.0
1723,sh,FT5880B,Toledo,OH,685,984,1,2,1.0
1724,sh,FT5880C,Toledo,OH,685,984,0,2,1.0
1725,sh,FT5880D,Toledo,OH,685,984,1,2,1.0
1726,sh,FT5880E,Toledo,OH,685,984,1,2,1.0
1727,sh,FT5880F,Toledo,OH,685,984,0,2,1.0
1728,sh,FT5880G,Toledo,OH,685,984,1,2,1.0
1729,sh,FT5880H,Toledo,OH,685,984,0,2,1.0
1730,sh,FT5880I,Toledo,OH,685,984,1,2,1.0
1731,sh,FT5880J,Toledo,OH,685,984,1,2,1.0
1732,sh,FT5880K,Toledo,OH,685,984,1,2,1.0
1733,sh,FT5880L,Toledo,OH,685,984,1,2,1.0
1734,sh,FT5880M,Toledo,OH,685,984,1,2,1.0
1735,sh,FT5880N,Toledo,OH,685,984,1,2,1.0
1736,sh,FT5880O,Toledo,OH,685,984,1,2,1.0
1737,sh,FT5880P,Toledo,OH,685,984,1,2,1.0
1738,sh,FT5892A,Toledo,OH,685,984,1,2,1.0
1739,sh,FT5892B,Toledo,OH,685,984,0,2,1.0
1740,sh,FT5892C,Toledo,OH,685,984,0,2,1.0
1741,sh,FT5892D,Toledo,OH,685,984,0,2,1.0
1742,sh,FT5892E,Toledo,OH,685,984,1,2,1.0
1743,sh,FT5892F,Toledo,OH,685,984,1,2,1.0
1744,sh,FT5892G,Toledo,OH,685,984,1,2,1.0
1745,sh,FT5892H,Toledo,OH,685,984,1,2,1.0
1746,sh,FT5892I,Toledo,OH,685,984,0,2,1.0
1747,sh,FT5892J,Toledo,OH,685,984,1,2,1.0
1748,sh,FT5892K,Toledo,OH,685,984,1,2,1.0
1749,sh,FT5892L,Toledo,OH,685,984,0,2,1.0
1750,sh,FT5906A,Toledo,OH,650,932,0,2,1.0
1751,sh,FT5906B,Toledo,OH,650,932,1,2,1.0
1752,sh,FT5906C,Toledo,OH,650,932,0,2,1.0
1753,sh,FT5906D,Toledo,OH,650,932,1,2,1.0
1754,sh,FT5906E,Toledo,OH,650,932,1,2,1.0
1755,sh,FT5906F,Toledo,OH,650,932,1,2,1.0
1756,sh,FT5906G,Toledo,OH,650,932,1,2,1.0
1757,sh,FT5906H,Toledo,OH,650,932,1,2,1.0
1758,sh,FT5906I,Toledo,OH,650,932,1,2,1.0
1759,sh,FT5906J,Toledo,OH,650,932,0,2,1.0
1760,sh,FT5906K,Toledo,OH,650,932,0,2,1.0
1761,sh,FT5906L,Toledo,OH,650,932,1,2,1.0
1763,sh,WAIT-2A,Toledo,OH,599,932,0,2,
1764,sh,WAIT-2B,Toledo,OH,609,950,0,2,
1765,sh,WAIT-2C,Toledo,OH,620,984,0,2,
1766,sh,WAIT-2D,Toledo,OH,641,963,0,2,
1767,sh,WAIT-2E,Toledo,OH,652,950,0,2,
1768,sh,WAIT-2TH,Toledo,OH,709,1006,0,2,
1769,sh,WAIT-2V,Toledo,OH,995,1350,0,2,
1770,sh,WAIT-3TA,Toledo,OH,735,1006,0,3,
1771,sh,WAIT-3TB,Toledo,OH,840,1156,0,3,
1772,sh,WAIT-3V,Toledo,OH,1010,1350,0,3,
